Stock Name,Listing Date,Basic Industry,Sector,Macro Sector,Industry Group
20MICRONS,06-OCT-2008,Industrial Minerals,Metals & Mining,Commodities,Minerals & Mining
21STCENMGM,03-MAY-1995,Other Capital Market related Services,Financial Services,Financial Services,Capital Markets
360ONE,19-SEP-2019,Stockbroking & Allied,Financial Services,Financial Services,Capital Markets
3BBLACKBIO,20-APR-2026,Healthcare Service Provider,Healthcare,Healthcare,Healthcare Services
3IINFOLTD,22-OCT-2021,Computers - Software & Consulting,Information Technology,Information Technology,IT - Software
3MINDIA,13-AUG-2004,Diversified,Diversified,Diversified,Diversified
3PLAND,19-JUL-1995,Investment Company,Financial Services,Financial Services,Finance
5PAISA,16-NOV-2017,Stockbroking & Allied,Financial Services,Financial Services,Capital Markets
63MOONS,20-JUN-2005,Computers - Software & Consulting,Information Technology,Information Technology,IT - Software
A2ZINFRA,23-DEC-2010,Civil Construction,Construction,Industrials,Construction
AAATECH,28-NOV-2022,Consulting Services,Services,Services,Commercial Services & Supplies
AADHARHFC,15-MAY-2024,Housing Finance Company,Financial Services,Financial Services,Finance
AAKASH,29-SEP-2020,Offshore Support Solution Drilling,"Oil, Gas & Consumable Fuels",Energy,Oil
AAREYDRUGS,06-AUG-2021,Pharmaceuticals,Healthcare,Healthcare,Pharmaceuticals & Biotechnology
AARNAV,25-FEB-2026,Trading - Textile Products,Textiles,Consumer Discretionary,Textiles & Apparels
AARON,06-NOV-2020,Industrial Products,Capital Goods,Industrials,Industrial Manufacturing
AARTECH,10-JUL-2023,Heavy Electrical Equipment,Capital Goods,Industrials,Electrical Equipment
AARTIDRUGS,19-SEP-2003,Pharmaceuticals,Healthcare,Healthcare,Pharmaceuticals & Biotechnology
AARTIIND,08-FEB-1995,Specialty Chemicals,Chemicals,Commodities,Chemicals & Petrochemicals
AARTIPHARM,30-JAN-2023,Pharmaceuticals,Healthcare,Healthcare,Pharmaceuticals & Biotechnology
AARTISURF,14-JUL-2020,Specialty Chemicals,Chemicals,Commodities,Chemicals & Petrochemicals
AARVI,24-JUN-2020,Diversified Commercial Services,Services,Services,Commercial Services & Supplies
AASTHA,06-JUL-2026,Other Textile Products,Textiles,Consumer Discretionary,Textiles & Apparels
AAVAS,08-OCT-2018,Housing Finance Company,Financial Services,Financial Services,Finance
ABAN,29-MAR-1995,Offshore Support Solution Drilling,"Oil, Gas & Consumable Fuels",Energy,Oil
ABANSENT,20-APR-2026,Trading - Metals,Metals & Mining,Commodities,Metals & Minerals Trading
ABB,08-FEB-1995,Heavy Electrical Equipment,Capital Goods,Industrials,Electrical Equipment
ABBOTINDIA,08-JAN-2010,Pharmaceuticals,Healthcare,Healthcare,Pharmaceuticals & Biotechnology
ABCAPITAL,01-SEP-2017,Investment Company,Financial Services,Financial Services,Finance
ABCOTS,24-SEP-2025,Other Textile Products,Textiles,Consumer Discretionary,Textiles & Apparels
ABDL,02-JUL-2024,Breweries & Distilleries,Fast Moving Consumer Goods,Fast Moving Consumer Goods,Beverages
ABFRL,17-JUL-2013,Speciality Retail,Consumer Services,Consumer Discretionary,Retailing
ABINFRA,08-NOV-2024,Civil Construction,Construction,Industrials,Construction
ABLBL,23-JUN-2025,Speciality Retail,Consumer Services,Consumer Discretionary,Retailing
ABMINTLLTD,09-SEP-2021,Trading & Distributors,Services,Services,Commercial Services & Supplies
ABMKNO,20-APR-2026,Software Products,Information Technology,Information Technology,IT - Software
ABREL,27-JUN-2003,"Residential, Commercial Projects",Realty,Consumer Discretionary,Realty
ABSLAMC,11-OCT-2021,Asset Management Company,Financial Services,Financial Services,Capital Markets
ACC,20-NOV-1996,Cement & Cement Products,Construction Materials,Commodities,Cement & Cement Products
ACCELYA,01-DEC-1999,Computers - Software & Consulting,Information Technology,Information Technology,IT - Software
ACCURACY,11-DEC-2020,Logistics Solution Provider,Services,Services,Transport Services
ACE,26-SEP-2006,Construction Vehicles,Capital Goods,Industrials,"Agricultural, Commercial & Construction Vehicles"
ACEINTEG,04-NOV-2022,Diversified Commercial Services,Services,Services,Commercial Services & Supplies
ACGL,17-AUG-2026,Auto Components & Equipments,Automobile and Auto Components,Consumer Discretionary,Auto Components
ACI,21-NOV-2022,Specialty Chemicals,Chemicals,Commodities,Chemicals & Petrochemicals
ACL,10-MAY-2023,Cement & Cement Products,Construction Materials,Commodities,Cement & Cement Products
ACMESOLAR,13-NOV-2024,Power Generation,Power,Utilities,Power
ACSTECH,20-APR-2026,IT Enabled Services,Information Technology,Information Technology,IT - Services
ACUTAAS,14-SEP-2021,Pharmaceuticals,Healthcare,Healthcare,Pharmaceuticals & Biotechnology
ADANIENSOL,31-JUL-2015,Power Distribution,Power,Utilities,Power
ADANIENT,04-JUN-1997,Trading - Minerals,Metals & Mining,Commodities,Metals & Minerals Trading
ADANIGREEN,18-JUN-2018,Power Generation,Power,Utilities,Power
ADANIPORTS,27-NOV-2007,Port & Port services,Services,Services,Transport Infrastructure
ADANIPOWER,20-AUG-2009,Integrated Power Utilities,Power,Utilities,Power
ADDIND,17-AUG-2026,Garments & Apparels,Textiles,Consumer Discretionary,Textiles & Apparels
ADFFOODS,15-SEP-2010,Packaged Foods,Fast Moving Consumer Goods,Fast Moving Consumer Goods,Food Products
ADL,01-OCT-2020,Plywood Boards/ Laminates,Consumer Durables,Consumer Discretionary,Consumer Durables
ADOR,10-MAY-1995,Other Industrial Products,Capital Goods,Industrials,Industrial Products
ADROITIND,30-SEP-2026,,,,
ADROITINFO,13-AUG-1997,IT Enabled Services,Information Technology,Information Technology,IT - Services
ADSL,25-JUL-2007,IT Enabled Services,Information Technology,Information Technology,IT - Services
ADVAIT,20-JAN-2026,Other Electrical Equipment,Capital Goods,Industrials,Electrical Equipment
ADVANCE,08-OCT-2025,Pesticides & Agrochemicals,Chemicals,Commodities,Fertilizers & Agrochemicals
ADVANIHOTR,25-JUN-2007,Hotels & Resorts,Consumer Services,Consumer Discretionary,Leisure Services
ADVENTHTL,13-NOV-2025,Hotels & Resorts,Consumer Services,Consumer Discretionary,Leisure Services
ADVENZYMES,01-AUG-2016,Biotechnology,Healthcare,Healthcare,Pharmaceuticals & Biotechnology
ADVIKCA,17-AUG-2026,Non Banking Financial Company (NBFC),Financial Services,Financial Services,Finance
AEGISLOG,03-APR-1996,Trading - Gas,"Oil, Gas & Consumable Fuels",Energy,Gas
AEGISVOPAK,02-JUN-2025,Oil Storage & Transportation,"Oil, Gas & Consumable Fuels",Energy,Oil
AEPL,12-MAR-2026,Other Electrical Equipment,Capital Goods,Industrials,Electrical Equipment
AEQUS,10-DEC-2025,Aerospace & Defense,Capital Goods,Industrials,Aerospace & Defense
AEROENTER,21-NOV-2022,Iron & Steel Products,Capital Goods,Industrials,Industrial Products
AEROFLEX,31-AUG-2023,Iron & Steel Products,Capital Goods,Industrials,Industrial Products
AERONEU,12-JAN-2023,Packaging,Capital Goods,Industrials,Industrial Products
AEROPLANE,02-APR-2026,Other Agricultural Products,Fast Moving Consumer Goods,Fast Moving Consumer Goods,Agricultural Food & other Products
AETHER,03-JUN-2022,Specialty Chemicals,Chemicals,Commodities,Chemicals & Petrochemicals
AFCONS,04-NOV-2024,Civil Construction,Construction,Industrials,Construction
AFFLE,08-AUG-2019,IT Enabled Services,Information Technology,Information Technology,IT - Services
AFFORDABLE,23-OCT-2024,Industrial Products,Capital Goods,Industrials,Industrial Manufacturing
AFIL,26-JUN-2024,Non Banking Financial Company (NBFC),Financial Services,Financial Services,Finance
AFSL,23-DEC-2022,Holding Company,Financial Services,Financial Services,Finance
AGARIND,26-MAY-2014,Petrochemicals,Chemicals,Commodities,Chemicals & Petrochemicals
AGARWALEYE,04-FEB-2025,Hospital,Healthcare,Healthcare,Healthcare Services
AGASTYAEN,15-JUL-2019,Specialty Chemicals,Chemicals,Commodities,Chemicals & Petrochemicals
AGI,31-MAY-2000,Packaging,Capital Goods,Industrials,Industrial Products
AGIIL,15-JUL-2024,"Residential, Commercial Projects",Realty,Consumer Discretionary,Realty
AGL,03-JUL-2026,Logistics Solution Provider,Services,Services,Transport Services
AGRITECH,28-JAN-2014,Other Agricultural Products,Fast Moving Consumer Goods,Fast Moving Consumer Goods,Agricultural Food & other Products
AGROPHOS,08-MAR-2019,Fertilizers,Chemicals,Commodities,Fertilizers & Agrochemicals
AGSTRA,31-JAN-2022,Financial Technology (Fintech),Financial Services,Financial Services,Financial Technology (Fintech)
AHCL,03-SEP-2025,Pharmaceuticals,Healthcare,Healthcare,Pharmaceuticals & Biotechnology
AHLADA,28-JAN-2021,"Furniture, Home Furnishing",Consumer Durables,Consumer Discretionary,Consumer Durables
AHLEAST,11-AUG-2010,Hotels & Resorts,Consumer Services,Consumer Discretionary,Leisure Services
AHLUCONT,14-DEC-2009,Civil Construction,Construction,Industrials,Construction
AHLWEST,05-AUG-2010,Hotels & Resorts,Consumer Services,Consumer Discretionary,Leisure Services
AIAENG,14-DEC-2005,Castings & Forgings,Capital Goods,Industrials,Industrial Products
AIIL,23-APR-2024,Non Banking Financial Company (NBFC),Financial Services,Financial Services,Finance
AIRAN,03-MAY-2019,IT Enabled Services,Information Technology,Information Technology,IT - Services
AIROLAM,13-OCT-2021,Plywood Boards/ Laminates,Consumer Durables,Consumer Discretionary,Consumer Durables
AJANTPHARM,29-MAY-2000,Pharmaceuticals,Healthcare,Healthcare,Pharmaceuticals & Biotechnology
AJAXENGG,17-FEB-2025,Construction Vehicles,Capital Goods,Industrials,"Agricultural, Commercial & Construction Vehicles"
AJMERA,16-JUN-2009,"Residential, Commercial Projects",Realty,Consumer Discretionary,Realty
AJOONI,07-MAY-2021,Animal Feed,Fast Moving Consumer Goods,Fast Moving Consumer Goods,Food Products
AKASH,11-OCT-2019,Civil Construction,Construction,Industrials,Construction
AKCAPIT,20-APR-2026,Non Banking Financial Company (NBFC),Financial Services,Financial Services,Finance
AKG,16-FEB-2021,Trading & Distributors,Services,Services,Commercial Services & Supplies
AKI,06-APR-2023,Leather And Leather Products,Consumer Durables,Consumer Discretionary,Consumer Durables
AKSHAR,23-MAY-2022,Other Textile Products,Textiles,Consumer Discretionary,Textiles & Apparels
AKSHARCHEM,28-MAR-2017,Dyes And Pigments,Chemicals,Commodities,Chemicals & Petrochemicals
AKSHOPTFBR,18-AUG-2000,Telecom - Equipment & Accessories,Telecommunication,Telecommunication,Telecom - Equipment & Accessories
AKUMS,06-AUG-2024,Pharmaceuticals,Healthcare,Healthcare,Pharmaceuticals & Biotechnology
ALANKIT,30-JUN-2015,Diversified Commercial Services,Services,Services,Commercial Services & Supplies
ALBERTDAVD,14-JUN-2016,Pharmaceuticals,Healthcare,Healthcare,Pharmaceuticals & Biotechnology
ALEMBICLTD,22-SEP-1999,"Residential, Commercial Projects",Realty,Consumer Discretionary,Realty
ALFREDHE,17-AUG-2026,Non Banking Financial Company (NBFC),Financial Services,Financial Services,Finance
ALGOQUANT,06-JAN-2026,Other Financial Services,Financial Services,Financial Services,Finance
ALICON,29-SEP-2006,Auto Components & Equipments,Automobile and Auto Components,Consumer Discretionary,Auto Components
ALIVUS,06-AUG-2021,Pharmaceuticals,Healthcare,Healthcare,Pharmaceuticals & Biotechnology
ALKALI,06-NOV-2008,Specialty Chemicals,Chemicals,Commodities,Chemicals & Petrochemicals
ALKEM,23-DEC-2015,Pharmaceuticals,Healthcare,Healthcare,Pharmaceuticals & Biotechnology
ALKYLAMINE,26-NOV-2007,Specialty Chemicals,Chemicals,Commodities,Chemicals & Petrochemicals
ALLCARGO,23-JUN-2006,Logistics Solution Provider,Services,Services,Transport Services
ALLDIGI,09-MAY-2005,Business Process Outsourcing (BPO)/ Knowledge Process Outsourcing (KPO),Services,Services,Commercial Services & Supplies
ALLTIME,14-AUG-2025,Houseware,Consumer Durables,Consumer Discretionary,Consumer Durables
ALMONDZ,16-JUN-2008,Stockbroking & Allied,Financial Services,Financial Services,Capital Markets
ALOKINDS,19-FEB-2020,Other Textile Products,Textiles,Consumer Discretionary,Textiles & Apparels
ALPA,06-AUG-2007,Pharmaceuticals,Healthcare,Healthcare,Pharmaceuticals & Biotechnology
ALPHAGEO,11-MAY-2007,Offshore Support Solution Drilling,"Oil, Gas & Consumable Fuels",Energy,Oil
ALPINETEX,21-JUL-2026,Other Textile Products,Textiles,Consumer Discretionary,Textiles & Apparels
ALUFLUOR,17-AUG-2026,Commodity Chemicals,Chemicals,Commodities,Chemicals & Petrochemicals
AMAGI,21-JAN-2026,IT Enabled Services,Information Technology,Information Technology,IT - Services
AMAL,17-AUG-2026,Specialty Chemicals,Chemicals,Commodities,Chemicals & Petrochemicals
AMANTA,09-SEP-2025,Pharmaceuticals,Healthcare,Healthcare,Pharmaceuticals & Biotechnology
AMARJOTHI,17-AUG-2026,Other Textile Products,Textiles,Consumer Discretionary,Textiles & Apparels
AMBALALSA,20-APR-2026,Pharmaceuticals,Healthcare,Healthcare,Pharmaceuticals & Biotechnology
AMBER,30-JAN-2018,Household Appliances,Consumer Durables,Consumer Discretionary,Consumer Durables
AMBICAAGAR,29-JUN-2004,Household Products,Fast Moving Consumer Goods,Fast Moving Consumer Goods,Household Products
AMBIKCO,29-JAN-2008,Other Textile Products,Textiles,Consumer Discretionary,Textiles & Apparels
AMBUJACEM,18-FEB-1998,Cement & Cement Products,Construction Materials,Commodities,Cement & Cement Products
AMDIND,19-MAR-2007,Packaging,Capital Goods,Industrials,Industrial Products
AMJLAND,08-FEB-1995,"Residential, Commercial Projects",Realty,Consumer Discretionary,Realty
AMNPLST,10-NOV-2023,Commodity Chemicals,Chemicals,Commodities,Chemicals & Petrochemicals
AMRUTANJAN,02-JAN-2015,Pharmaceuticals,Healthcare,Healthcare,Pharmaceuticals & Biotechnology
ANANDRATHI,14-DEC-2021,Financial Products Distributor,Financial Services,Financial Services,Capital Markets
ANANTRAJ,27-SEP-2006,"Residential, Commercial Projects",Realty,Consumer Discretionary,Realty
ANDHRAPAP,13-MAY-2004,Paper & Paper Products,Forest Materials,Commodities,"Paper, Forest & Jute Products"
ANDHRSUGAR,01-NOV-1995,Commodity Chemicals,Chemicals,Commodities,Chemicals & Petrochemicals
ANDREWYU,17-AUG-2026,Tea & Coffee,Fast Moving Consumer Goods,Fast Moving Consumer Goods,Agricultural Food & other Products
ANGELONE,05-OCT-2020,Stockbroking & Allied,Financial Services,Financial Services,Capital Markets
ANIKINDS,21-MAY-2008,Trading & Distributors,Services,Services,Commercial Services & Supplies
ANKITMETAL,14-MAR-2013,Iron & Steel,Metals & Mining,Commodities,Ferrous Metals
ANMOL,04-JUN-2021,Trading - Coal,"Oil, Gas & Consumable Fuels",Energy,Consumable Fuels
ANNAPURNA,12-AUG-2026,Packaged Foods,Fast Moving Consumer Goods,Fast Moving Consumer Goods,Food Products
ANNU,02-SEP-2026,Civil Construction,Construction,Industrials,Construction
ANSALAPI,27-JAN-2006,"Residential, Commercial Projects",Realty,Consumer Discretionary,Realty
ANSALBU,17-AUG-2026,"Residential, Commercial Projects",Realty,Consumer Discretionary,Realty
ANTELOPUS,26-SEP-2006,Oil Exploration & Production,"Oil, Gas & Consumable Fuels",Energy,Oil
ANTGRAPHIC,31-DEC-1997,Packaging,Capital Goods,Industrials,Industrial Products
ANTHEM,21-JUL-2025,Biotechnology,Healthcare,Healthcare,Pharmaceuticals & Biotechnology
ANUHPHR,20-DEC-2024,Pharmaceuticals,Healthcare,Healthcare,Pharmaceuticals & Biotechnology
ANUP,01-MAR-2019,Industrial Products,Capital Goods,Industrials,Industrial Manufacturing
ANURAS,24-MAR-2021,Specialty Chemicals,Chemicals,Commodities,Chemicals & Petrochemicals
APARINDS,12-JUL-2004,Other Electrical Equipment,Capital Goods,Industrials,Electrical Equipment
APCL,10-APR-2017,Cement & Cement Products,Construction Materials,Commodities,Cement & Cement Products
APCOTEXIND,06-SEP-1995,Rubber,Capital Goods,Industrials,Industrial Products
APEX,04-SEP-2017,Seafood,Fast Moving Consumer Goods,Fast Moving Consumer Goods,Food Products
APLAPOLLO,14-DEC-2011,Iron & Steel Products,Capital Goods,Industrials,Industrial Products
APLLTD,20-SEP-2011,Pharmaceuticals,Healthcare,Healthcare,Pharmaceuticals & Biotechnology
APOLLO,22-JAN-2018,Aerospace & Defense,Capital Goods,Industrials,Aerospace & Defense
APOLLOHOSP,10-JAN-1996,Hospital,Healthcare,Healthcare,Healthcare Services
APOLLOPIPE,11-NOV-2019,Plastic Products - Industrial,Capital Goods,Industrials,Industrial Products
APOLLOTYRE,31-MAY-1995,Tyres & Rubber Products,Automobile and Auto Components,Consumer Discretionary,Auto Components
APOLSINHOT,28-JAN-2015,Hotels & Resorts,Consumer Services,Consumer Discretionary,Leisure Services
APOORVA,17-AUG-2026,Other Financial Services,Financial Services,Financial Services,Finance
APTECHT,27-SEP-2002,Education,Consumer Services,Consumer Discretionary,Other Consumer Services
APTUS,24-AUG-2021,Housing Finance Company,Financial Services,Financial Services,Finance
AQYLON,01-APR-2024,TV Broadcasting & Software Production,"Media, Entertainment & Publication",Consumer Discretionary,Entertainment
ARCHIDPLY,04-JUL-2008,Plywood Boards/ Laminates,Consumer Durables,Consumer Discretionary,Consumer Durables
ARCHIES,02-SEP-1998,Leisure Products,Consumer Durables,Consumer Discretionary,Consumer Durables
ARCIL,17-SEP-2026,Other Financial Services,Financial Services,Financial Services,Finance
ARCL,17-AUG-2026,Commodity Chemicals,Chemicals,Commodities,Chemicals & Petrochemicals
ARDEE,12-AUG-2026,Diversified Metals,Metals & Mining,Commodities,Diversified Metals
ARE&M,05-SEP-2003,Auto Components & Equipments,Automobile and Auto Components,Consumer Discretionary,Auto Components
ARENTERP,18-OCT-1995,Trading - Minerals,Metals & Mining,Commodities,Metals & Minerals Trading
ARFIN,22-JUL-2025,Aluminium,Metals & Mining,Commodities,Non - Ferrous Metals
ARIES,11-JAN-2008,Fertilizers,Chemicals,Commodities,Fertilizers & Agrochemicals
ARIHANT,20-APR-2026,"Residential, Commercial Projects",Realty,Consumer Discretionary,Realty
ARIHANTCAP,15-JUN-2021,Stockbroking & Allied,Financial Services,Financial Services,Capital Markets
ARIHANTSUP,28-MAR-2017,"Residential, Commercial Projects",Realty,Consumer Discretionary,Realty
ARIS,25-JUN-2025,Other Construction Materials,Construction Materials,Commodities,Other Construction Materials
ARKADE,24-SEP-2024,"Residential, Commercial Projects",Realty,Consumer Discretionary,Realty
ARMANFIN,14-JUN-2016,Non Banking Financial Company (NBFC),Financial Services,Financial Services,Finance
ARMEE,30-SEP-2026,,,,
AROGRANITE,24-APR-2007,Granites & Marbles,Consumer Durables,Consumer Discretionary,Consumer Durables
ARROWGREEN,21-MAY-2015,Packaging,Capital Goods,Industrials,Industrial Products
ARSHIYA,14-DEC-2009,Logistics Solution Provider,Services,Services,Transport Services
ARSSBL,30-SEP-2025,Stockbroking & Allied,Financial Services,Financial Services,Capital Markets
ARTEMISMED,23-JAN-2020,Hospital,Healthcare,Healthcare,Healthcare Services
ARTNIRMAN,18-OCT-2021,"Residential, Commercial Projects",Realty,Consumer Discretionary,Realty
ARVEE,22-MAR-2021,Specialty Chemicals,Chemicals,Commodities,Chemicals & Petrochemicals
ARVIND,08-FEB-1995,Garments & Apparels,Textiles,Consumer Discretionary,Textiles & Apparels
ARVINDFASN,08-MAR-2019,Speciality Retail,Consumer Services,Consumer Discretionary,Retailing
ARVSMART,26-AUG-2015,"Residential, Commercial Projects",Realty,Consumer Discretionary,Realty
ARYAMAN,17-AUG-2026,Non Banking Financial Company (NBFC),Financial Services,Financial Services,Finance
ASAHIINDIA,18-MAR-1998,Auto Components & Equipments,Automobile and Auto Components,Consumer Discretionary,Auto Components
ASAHISONG,29-AUG-2011,Dyes And Pigments,Chemicals,Commodities,Chemicals & Petrochemicals
ASAL,12-MAR-2002,Auto Components & Equipments,Automobile and Auto Components,Consumer Discretionary,Auto Components
ASALCBR,12-FEB-2020,Breweries & Distilleries,Fast Moving Consumer Goods,Fast Moving Consumer Goods,Beverages
ASHAPURMIN,20-SEP-1995,Industrial Minerals,Metals & Mining,Commodities,Minerals & Mining
ASHIANA,29-JUN-2011,"Residential, Commercial Projects",Realty,Consumer Discretionary,Realty
ASHIKAG,20-APR-2026,Non Banking Financial Company (NBFC),Financial Services,Financial Services,Finance
ASHIMASYN,27-JUL-1995,Other Textile Products,Textiles,Consumer Discretionary,Textiles & Apparels
ASHOKA,14-OCT-2010,Civil Construction,Construction,Industrials,Construction
ASHOKAMET,27-JUN-2023,Trading - Metals,Metals & Mining,Commodities,Metals & Minerals Trading
ASHOKLEY,25-MAY-1995,Commercial Vehicles,Capital Goods,Industrials,"Agricultural, Commercial & Construction Vehicles"
ASIANENE,09-DEC-2021,Oil Equipment & Services,"Oil, Gas & Consumable Fuels",Energy,Oil
ASIANHOTNR,07-APR-2010,Hotels & Resorts,Consumer Services,Consumer Discretionary,Leisure Services
ASIANPAINT,31-MAY-1995,Paints,Consumer Durables,Consumer Discretionary,Consumer Durables
ASIANTILES,23-AUG-2007,Ceramics,Consumer Durables,Consumer Discretionary,Consumer Durables
ASIANTNE,17-AUG-2026,Trading & Distributors,Services,Services,Commercial Services & Supplies
ASKAUTOLTD,15-NOV-2023,Auto Components & Equipments,Automobile and Auto Components,Consumer Discretionary,Auto Components
ASMS,09-FEB-2023,IT Enabled Services,Information Technology,Information Technology,IT - Services
ASPINWALL,14-JUN-2016,Logistics Solution Provider,Services,Services,Transport Services
ASSAMENT,17-AUG-2026,Non Banking Financial Company (NBFC),Financial Services,Financial Services,Finance
ASTAR,20-APR-2026,"Gems, Jewellery And Watches",Consumer Durables,Consumer Discretionary,Consumer Durables
ASTEC,25-NOV-2009,Pesticides & Agrochemicals,Chemicals,Commodities,Fertilizers & Agrochemicals
ASTERDM,26-FEB-2018,Hospital,Healthcare,Healthcare,Healthcare Services
ASTRAL,20-MAR-2007,Plastic Products - Industrial,Capital Goods,Industrials,Industrial Products
ASTRAMICRO,01-NOV-2004,Aerospace & Defense,Capital Goods,Industrials,Aerospace & Defense
ASTRAZEN,04-MAY-2001,Pharmaceuticals,Healthcare,Healthcare,Pharmaceuticals & Biotechnology
ASTRON,29-DEC-2017,Paper & Paper Products,Forest Materials,Commodities,"Paper, Forest & Jute Products"
ATALREAL,12-MAY-2023,"Residential, Commercial Projects",Realty,Consumer Discretionary,Realty
ATAM,10-MAY-2023,Industrial Products,Capital Goods,Industrials,Industrial Manufacturing
ATGL,05-NOV-2018,LPG/CNG/PNG/LNG Supplier,"Oil, Gas & Consumable Fuels",Energy,Gas
ATHERENERG,06-MAY-2025,2/3 Wheelers,Automobile and Auto Components,Consumer Discretionary,Automobiles
ATL,10-AUG-2023,Port & Port services,Services,Services,Transport Infrastructure
ATLANTAA,25-SEP-2006,Civil Construction,Construction,Industrials,Construction
ATLANTAELE,29-SEP-2025,Heavy Electrical Equipment,Capital Goods,Industrials,Electrical Equipment
ATLASCYCLE,23-OCT-1996,Cycles,Consumer Durables,Consumer Discretionary,Consumer Durables
ATUL,06-MAY-1998,Specialty Chemicals,Chemicals,Commodities,Chemicals & Petrochemicals
ATULAUTO,26-JUN-2013,Commercial Vehicles,Capital Goods,Industrials,"Agricultural, Commercial & Construction Vehicles"
AUBANK,10-JUL-2017,Other Bank,Financial Services,Financial Services,Banks
AUGMONT,31-AUG-2026,Precious Metals,Metals & Mining,Commodities,Non - Ferrous Metals
AURIONPRO,25-OCT-2005,Computers - Software & Consulting,Information Technology,Information Technology,IT - Software
AUROPHARMA,19-JUL-2000,Pharmaceuticals,Healthcare,Healthcare,Pharmaceuticals & Biotechnology
AURUM,19-AUG-2015,IT Enabled Services,Information Technology,Information Technology,IT - Services
AURUS,05-NOV-2013,"Gems, Jewellery And Watches",Consumer Durables,Consumer Discretionary,Consumer Durables
AUSOMENT,17-APR-1996,"Gems, Jewellery And Watches",Consumer Durables,Consumer Discretionary,Consumer Durables
AUSTENG,17-AUG-2026,Industrial Products,Capital Goods,Industrials,Industrial Manufacturing
AUTOAXLES,29-MAY-2003,Auto Components & Equipments,Automobile and Auto Components,Consumer Discretionary,Auto Components
AUTOIND,31-JAN-2007,Auto Components & Equipments,Automobile and Auto Components,Consumer Discretionary,Auto Components
AVADHSUGAR,28-JUL-2017,Sugar,Fast Moving Consumer Goods,Fast Moving Consumer Goods,Agricultural Food & other Products
AVALON,18-APR-2023,Other Electrical Equipment,Capital Goods,Industrials,Electrical Equipment
AVANCE,17-AUG-2026,Software Products,Information Technology,Information Technology,IT - Software
AVANTEL,31-JUL-2024,Aerospace & Defense,Capital Goods,Industrials,Aerospace & Defense
AVANTIFEED,15-APR-2015,Animal Feed,Fast Moving Consumer Goods,Fast Moving Consumer Goods,Food Products
AVG,12-MAY-2023,Logistics Solution Provider,Services,Services,Transport Services
AVL,06-NOV-2024,Speciality Retail,Consumer Services,Consumer Discretionary,Retailing
AVONMORE,04-JAN-2023,Non Banking Financial Company (NBFC),Financial Services,Financial Services,Finance
AVROIND,07-APR-2022,Plastic Products - Consumer,Consumer Durables,Consumer Discretionary,Consumer Durables
AVTNPL,10-JAN-2007,Other Agricultural Products,Fast Moving Consumer Goods,Fast Moving Consumer Goods,Agricultural Food & other Products
AWFIS,30-MAY-2024,Diversified Commercial Services,Services,Services,Commercial Services & Supplies
AWHCL,01-JAN-2021,Waste Management,Utilities,Utilities,Other Utilities
AWL,08-FEB-2022,Edible Oil,Fast Moving Consumer Goods,Fast Moving Consumer Goods,Agricultural Food & other Products
AXISBANK,16-NOV-1998,Private Sector Bank,Financial Services,Financial Services,Banks
AXISCADES,21-DEC-2000,Aerospace & Defense,Capital Goods,Industrials,Aerospace & Defense
AXITA,21-JUN-2022,Other Textile Products,Textiles,Consumer Discretionary,Textiles & Apparels
AXTEL,17-AUG-2026,Industrial Products,Capital Goods,Industrials,Industrial Manufacturing
AYE,16-FEB-2026,Non Banking Financial Company (NBFC),Financial Services,Financial Services,Finance
AYMSYNTEX,14-AUG-2015,Other Textile Products,Textiles,Consumer Discretionary,Textiles & Apparels
AZAD,28-DEC-2023,Heavy Electrical Equipment,Capital Goods,Industrials,Electrical Equipment
AZADIND,17-AUG-2026,Iron & Steel Products,Capital Goods,Industrials,Industrial Products
BAFNAPH,27-FEB-2020,Pharmaceuticals,Healthcare,Healthcare,Pharmaceuticals & Biotechnology
BAGFILMS,17-OCT-2003,TV Broadcasting & Software Production,"Media, Entertainment & Publication",Consumer Discretionary,Entertainment
BAIDFIN,20-JAN-2023,Non Banking Financial Company (NBFC),Financial Services,Financial Services,Finance
BAJAJ-AUTO,26-MAY-2008,2/3 Wheelers,Automobile and Auto Components,Consumer Discretionary,Automobiles
BAJAJCON,18-AUG-2010,Personal Care,Fast Moving Consumer Goods,Fast Moving Consumer Goods,Personal Products
BAJAJELEC,02-NOV-2007,Household Appliances,Consumer Durables,Consumer Discretionary,Consumer Durables
BAJAJFINSV,26-MAY-2008,Holding Company,Financial Services,Financial Services,Finance
BAJAJHCARE,25-NOV-2021,Pharmaceuticals,Healthcare,Healthcare,Pharmaceuticals & Biotechnology
BAJAJHFL,16-SEP-2024,Housing Finance Company,Financial Services,Financial Services,Finance
BAJAJHIND,10-MAY-1995,Sugar,Fast Moving Consumer Goods,Fast Moving Consumer Goods,Agricultural Food & other Products
BAJAJHLDNG,15-MAR-1995,Holding Company,Financial Services,Financial Services,Finance
BAJAJINDEF,21-FEB-2025,Industrial Products,Capital Goods,Industrials,Industrial Manufacturing
BAJAJST,20-APR-2026,Industrial Products,Capital Goods,Industrials,Industrial Manufacturing
BAJEL,19-DEC-2023,Heavy Electrical Equipment,Capital Goods,Industrials,Electrical Equipment
BAJFINANCE,01-APR-2003,Non Banking Financial Company (NBFC),Financial Services,Financial Services,Finance
BALAJEE,12-SEP-2024,Packaging,Capital Goods,Industrials,Industrial Products
BALAJITELE,22-NOV-2000,Media & Entertainment,"Media, Entertainment & Publication",Consumer Discretionary,Entertainment
BALAMINES,05-APR-2007,Specialty Chemicals,Chemicals,Commodities,Chemicals & Petrochemicals
BALAXI,30-NOV-2015,Pharmaceuticals,Healthcare,Healthcare,Pharmaceuticals & Biotechnology
BALKRISHNA,28-JUL-2015,Paper & Paper Products,Forest Materials,Commodities,"Paper, Forest & Jute Products"
BALKRISIND,27-JAN-2006,Tyres & Rubber Products,Automobile and Auto Components,Consumer Discretionary,Auto Components
BALMLAWRIE,06-JUL-1995,Diversified,Diversified,Diversified,Diversified
BALPHARMA,08-MAY-2006,Pharmaceuticals,Healthcare,Healthcare,Pharmaceuticals & Biotechnology
BALRAMCHIN,08-FEB-1995,Sugar,Fast Moving Consumer Goods,Fast Moving Consumer Goods,Agricultural Food & other Products
BALUFORGE,29-APR-2024,Castings & Forgings,Capital Goods,Industrials,Industrial Products
BANARBEADS,07-JUL-1995,"Gems, Jewellery And Watches",Consumer Durables,Consumer Discretionary,Consumer Durables
BANARISUG,28-MAY-2003,Sugar,Fast Moving Consumer Goods,Fast Moving Consumer Goods,Agricultural Food & other Products
BANCOINDIA,22-DEC-2006,Auto Components & Equipments,Automobile and Auto Components,Consumer Discretionary,Auto Components
BANDHANBNK,27-MAR-2018,Private Sector Bank,Financial Services,Financial Services,Banks
BANG,20-FEB-2008,Garments & Apparels,Textiles,Consumer Discretionary,Textiles & Apparels
BANKA,29-OCT-2020,Civil Construction,Construction,Industrials,Construction
BANKBARODA,19-FEB-1997,Public Sector Bank,Financial Services,Financial Services,Banks
BANKINDIA,30-APR-1997,Public Sector Bank,Financial Services,Financial Services,Banks
BANSALWIRE,10-JUL-2024,Iron & Steel Products,Capital Goods,Industrials,Industrial Products
BANSWRAS,11-APR-2007,Other Textile Products,Textiles,Consumer Discretionary,Textiles & Apparels
BASF,17-MAY-1995,Specialty Chemicals,Chemicals,Commodities,Chemicals & Petrochemicals
BASML,14-NOV-2005,Other Textile Products,Textiles,Consumer Discretionary,Textiles & Apparels
BATAINDIA,18-JUN-2003,Footwear,Consumer Durables,Consumer Discretionary,Consumer Durables
BATLIBOI,20-APR-2026,Industrial Products,Capital Goods,Industrials,Industrial Manufacturing
BAYERCROP,08-JAN-2010,Pesticides & Agrochemicals,Chemicals,Commodities,Fertilizers & Agrochemicals
BBL,21-NOV-2006,Heavy Electrical Equipment,Capital Goods,Industrials,Electrical Equipment
BBOX,22-JUL-2003,IT Enabled Services,Information Technology,Information Technology,IT - Services
BBTC,03-APR-1996,Packaged Foods,Fast Moving Consumer Goods,Fast Moving Consumer Goods,Food Products
BBTCL,23-NOV-2022,Packaging,Capital Goods,Industrials,Industrial Products
BCG,08-MAY-2015,IT Enabled Services,Information Technology,Information Technology,IT - Services
BCLIND,04-MAR-2021,Breweries & Distilleries,Fast Moving Consumer Goods,Fast Moving Consumer Goods,Beverages
BCONCEPTS,11-JAN-2022,Speciality Retail,Consumer Services,Consumer Discretionary,Retailing
BCPL,27-MAR-2026,Civil Construction,Construction,Industrials,Construction
BDL,23-MAR-2018,Aerospace & Defense,Capital Goods,Industrials,Aerospace & Defense
BEARDSELL,13-JAN-2015,Other Industrial Products,Capital Goods,Industrials,Industrial Products
BECTORFOOD,24-DEC-2020,Packaged Foods,Fast Moving Consumer Goods,Fast Moving Consumer Goods,Food Products
BEDMUTHA,14-OCT-2010,Iron & Steel Products,Capital Goods,Industrials,Industrial Products
BEEKAY,20-APR-2026,Iron & Steel Products,Capital Goods,Industrials,Industrial Products
BEL,19-JUL-2000,Aerospace & Defense,Capital Goods,Industrials,Aerospace & Defense
BELLACASA,18-JUL-2025,Garments & Apparels,Textiles,Consumer Discretionary,Textiles & Apparels
BELRISE,28-MAY-2025,Auto Components & Equipments,Automobile and Auto Components,Consumer Discretionary,Auto Components
BEML,05-NOV-2003,Construction Vehicles,Capital Goods,Industrials,"Agricultural, Commercial & Construction Vehicles"
BENARAS,17-AUG-2026,Hotels & Resorts,Consumer Services,Consumer Discretionary,Leisure Services
BENGALASM,20-APR-2026,Non Banking Financial Company (NBFC),Financial Services,Financial Services,Finance
BEPL,21-MAR-2005,Petrochemicals,Chemicals,Commodities,Chemicals & Petrochemicals
BERGEPAINT,24-NOV-1999,Paints,Consumer Durables,Consumer Discretionary,Consumer Durables
BESTAGRO,10-APR-2024,Pesticides & Agrochemicals,Chemicals,Commodities,Fertilizers & Agrochemicals
BETA,24-NOV-2025,Pharmaceuticals,Healthcare,Healthcare,Pharmaceuticals & Biotechnology
BFINVEST,14-JAN-2011,Holding Company,Financial Services,Financial Services,Finance
BFUTILITIE,03-MAY-2007,"Road AssetsToll, Annuity, Hybrid-Annuity",Services,Services,Transport Infrastructure
BGRENERGY,03-JAN-2008,Civil Construction,Construction,Industrials,Construction
BHAGCHEM,18-OCT-2021,Pesticides & Agrochemicals,Chemicals,Commodities,Fertilizers & Agrochemicals
BHAGERIA,02-MAR-2016,Dyes And Pigments,Chemicals,Commodities,Chemicals & Petrochemicals
BHAGYANGR,17-MAY-2017,Copper,Metals & Mining,Commodities,Non - Ferrous Metals
BHANDARI,30-JAN-2017,Other Textile Products,Textiles,Consumer Discretionary,Textiles & Apparels
BHARATCOAL,19-JAN-2026,Coal,"Oil, Gas & Consumable Fuels",Energy,Consumable Fuels
BHARATFORG,04-APR-2003,Auto Components & Equipments,Automobile and Auto Components,Consumer Discretionary,Auto Components
BHARATGEAR,03-APR-1996,Auto Components & Equipments,Automobile and Auto Components,Consumer Discretionary,Auto Components
BHARATRAS,11-OCT-1995,Pesticides & Agrochemicals,Chemicals,Commodities,Fertilizers & Agrochemicals
BHARATSE,24-MAR-2025,Auto Components & Equipments,Automobile and Auto Components,Consumer Discretionary,Auto Components
BHARATWIRE,01-APR-2016,Iron & Steel Products,Capital Goods,Industrials,Industrial Products
BHARTIARTL,15-FEB-2002,Telecom - Cellular & Fixed line services,Telecommunication,Telecommunication,Telecom - Services
BHARTIHEXA,12-APR-2024,Telecom - Cellular & Fixed line services,Telecommunication,Telecommunication,Telecom - Services
BHEL,11-NOV-2003,Heavy Electrical Equipment,Capital Goods,Industrials,Electrical Equipment
BI,20-APR-2026,"Healthcare Research, Analytics & Technology",Healthcare,Healthcare,Healthcare Services
BIGBLOC,02-SEP-2016,Cement & Cement Products,Construction Materials,Commodities,Cement & Cement Products
BIKAJI,16-NOV-2022,Packaged Foods,Fast Moving Consumer Goods,Fast Moving Consumer Goods,Food Products
BIL,12-APR-2000,Leather And Leather Products,Consumer Durables,Consumer Discretionary,Consumer Durables
BILVYAPAR,27-SEP-2006,Holding Company,Financial Services,Financial Services,Finance
BIMETAL,20-APR-2026,Auto Components & Equipments,Automobile and Auto Components,Consumer Discretionary,Auto Components
BIOCON,07-APR-2004,Pharmaceuticals,Healthcare,Healthcare,Pharmaceuticals & Biotechnology
BIOFILCHEM,12-JUN-1996,Pharmaceuticals,Healthcare,Healthcare,Pharmaceuticals & Biotechnology
BIRLACABLE,06-DEC-1995,Telecom - Equipment & Accessories,Telecommunication,Telecommunication,Telecom - Equipment & Accessories
BIRLACORPN,12-APR-1995,Cement & Cement Products,Construction Materials,Commodities,Cement & Cement Products
BIRLAMONEY,07-FEB-2008,Stockbroking & Allied,Financial Services,Financial Services,Capital Markets
BIRLANU,26-APR-1995,Other Construction Materials,Construction Materials,Commodities,Other Construction Materials
BIRLAPREC,20-APR-2026,Industrial Products,Capital Goods,Industrials,Industrial Manufacturing
BLACKBUCK,22-NOV-2024,Transport Related Services,Services,Services,Transport Services
BLACKROSE,20-APR-2026,Specialty Chemicals,Chemicals,Commodities,Chemicals & Petrochemicals
BLAL,19-APR-2023,Investment Company,Financial Services,Financial Services,Finance
BLBLIMITED,31-MAY-2000,Investment Company,Financial Services,Financial Services,Finance
BLEL,19-AUG-2026,Iron & Steel Products,Capital Goods,Industrials,Industrial Products
BLIL,20-APR-2026,Holding Company,Financial Services,Financial Services,Finance
BLISSGVS,26-JUL-2010,Pharmaceuticals,Healthcare,Healthcare,Pharmaceuticals & Biotechnology
BLKASHYAP,17-MAR-2006,Civil Construction,Construction,Industrials,Construction
BLS,14-JUN-2016,"Tour, Travel Related Services",Consumer Services,Consumer Discretionary,Leisure Services
BLSE,06-FEB-2024,IT Enabled Services,Information Technology,Information Technology,IT - Services
BLUECLOUDS,17-AUG-2026,Software Products,Information Technology,Information Technology,IT - Software
BLUECOAST,16-FEB-2000,Hotels & Resorts,Consumer Services,Consumer Discretionary,Leisure Services
BLUEDART,12-DEC-2002,Logistics Solution Provider,Services,Services,Transport Services
BLUEJET,01-NOV-2023,Pharmaceuticals,Healthcare,Healthcare,Pharmaceuticals & Biotechnology
BLUESTARCO,15-JUN-2000,Household Appliances,Consumer Durables,Consumer Discretionary,Consumer Durables
BLUESTONE,19-AUG-2025,"Gems, Jewellery And Watches",Consumer Durables,Consumer Discretionary,Consumer Durables
BLUSPRING,11-JUN-2025,Diversified Commercial Services,Services,Services,Commercial Services & Supplies
BMWVENTLTD,01-OCT-2025,Trading - Metals,Metals & Mining,Commodities,Metals & Minerals Trading
BNAGROCHEM,20-APR-2026,Trading & Distributors,Services,Services,Commercial Services & Supplies
BNALTD,20-APR-2026,Tea & Coffee,Fast Moving Consumer Goods,Fast Moving Consumer Goods,Agricultural Food & other Products
BODALCHEM,22-AUG-2011,Dyes And Pigments,Chemicals,Commodities,Chemicals & Petrochemicals
BOHRAIND,27-OCT-2022,Fertilizers,Chemicals,Commodities,Fertilizers & Agrochemicals
BOMDYEING,26-APR-1995,Other Textile Products,Textiles,Consumer Discretionary,Textiles & Apparels
BONLON,20-FEB-2026,Diversified Metals,Metals & Mining,Commodities,Diversified Metals
BORANA,27-MAY-2025,Other Textile Products,Textiles,Consumer Discretionary,Textiles & Apparels
BOROLTD,22-JUL-2020,Houseware,Consumer Durables,Consumer Discretionary,Consumer Durables
BORORENEW,25-MAY-2018,Glass - Industrial,Capital Goods,Industrials,Industrial Products
BOROSCI,07-JUN-2024,Glass - Industrial,Capital Goods,Industrials,Industrial Products
BOSCH-HCIL,03-JAN-2000,Household Appliances,Consumer Durables,Consumer Discretionary,Consumer Durables
BOSCHLTD,12-MAY-2003,Auto Components & Equipments,Automobile and Auto Components,Consumer Discretionary,Auto Components
BPCL,13-SEP-1995,Refineries & Marketing,"Oil, Gas & Consumable Fuels",Energy,Petroleum Products
BPL,14-JUN-1995,Consumer Electronics,Consumer Durables,Consumer Discretionary,Consumer Durables
BPLPHARMA,17-AUG-2026,Pharmaceuticals,Healthcare,Healthcare,Pharmaceuticals & Biotechnology
BRAHMINFRA,17-AUG-2026,Civil Construction,Construction,Industrials,Construction
BRIGADE,31-DEC-2007,"Residential, Commercial Projects",Realty,Consumer Discretionary,Realty
BRIGHOTEL,31-JUL-2025,Hotels & Resorts,Consumer Services,Consumer Discretionary,Leisure Services
BRIGHTBR,17-AUG-2026,Plastic Products - Industrial,Capital Goods,Industrials,Industrial Products
BRITANNIA,05-NOV-1998,Packaged Foods,Fast Moving Consumer Goods,Fast Moving Consumer Goods,Food Products
BRNL,18-SEP-2017,Civil Construction,Construction,Industrials,Construction
BROOKS,05-SEP-2011,Pharmaceuticals,Healthcare,Healthcare,Pharmaceuticals & Biotechnology
BSE,03-FEB-2017,Exchange and Data Platform,Financial Services,Financial Services,Capital Markets
BSHSL,28-OCT-2020,Other Agricultural Products,Fast Moving Consumer Goods,Fast Moving Consumer Goods,Agricultural Food & other Products
BSL,27-JUL-1995,Other Textile Products,Textiles,Consumer Discretionary,Textiles & Apparels
BSOFT,24-NOV-1999,Computers - Software & Consulting,Information Technology,Information Technology,IT - Software
BTML,15-FEB-2023,Digital Entertainment,"Media, Entertainment & Publication",Consumer Discretionary,Entertainment
BTTL,20-APR-2026,Trading - Textile Products,Textiles,Consumer Discretionary,Textiles & Apparels
BUILDPRO,09-JAN-2026,Speciality Retail,Consumer Services,Consumer Discretionary,Retailing
BURNPUR,03-JAN-2008,Cement & Cement Products,Construction Materials,Commodities,Cement & Cement Products
BUTTERFLY,28-APR-2014,Household Appliances,Consumer Durables,Consumer Discretionary,Consumer Durables
BVCL,23-NOV-2007,Cement & Cement Products,Construction Materials,Commodities,Cement & Cement Products
BYKE,15-APR-2015,Hotels & Resorts,Consumer Services,Consumer Discretionary,Leisure Services
CALSOFT,28-JUN-2000,Computers - Software & Consulting,Information Technology,Information Technology,IT - Software
CAMLINFINE,20-JAN-2015,Specialty Chemicals,Chemicals,Commodities,Chemicals & Petrochemicals
CAMPUS,09-MAY-2022,Footwear,Consumer Durables,Consumer Discretionary,Consumer Durables
CAMS,07-MAY-2021,"Depositories, Clearing Houses and Other Intermediaries",Financial Services,Financial Services,Capital Markets
CANBK,23-DEC-2002,Public Sector Bank,Financial Services,Financial Services,Banks
CANFINHOME,10-MAY-1995,Housing Finance Company,Financial Services,Financial Services,Finance
CANHLIFE,17-OCT-2025,Life Insurance,Financial Services,Financial Services,Insurance
CANTABIL,12-OCT-2010,Garments & Apparels,Textiles,Consumer Discretionary,Textiles & Apparels
CAPACITE,25-SEP-2017,Civil Construction,Construction,Industrials,Construction
CAPILLARY,21-NOV-2025,Software Products,Information Technology,Information Technology,IT - Software
CAPITALSFB,14-FEB-2024,Other Bank,Financial Services,Financial Services,Banks
CAPLIPOINT,23-JUN-2014,Pharmaceuticals,Healthcare,Healthcare,Pharmaceuticals & Biotechnology
CAPTRUST,16-JAN-2017,Non Banking Financial Company (NBFC),Financial Services,Financial Services,Finance
CARBORUNIV,03-APR-1996,Abrasives & Bearings,Capital Goods,Industrials,Industrial Products
CARERATING,26-DEC-2012,Ratings,Financial Services,Financial Services,Capital Markets
CARRARO,30-DEC-2024,Auto Components & Equipments,Automobile and Auto Components,Consumer Discretionary,Auto Components
CARTRADE,20-AUG-2021,E-Retail/ E-Commerce,Consumer Services,Consumer Discretionary,Retailing
CARYSIL,14-JAN-2021,Household Appliances,Consumer Durables,Consumer Discretionary,Consumer Durables
CASTROLIND,14-MAR-2014,Lubricants,"Oil, Gas & Consumable Fuels",Energy,Petroleum Products
CCAVENUE,04-APR-2016,Financial Technology (Fintech),Financial Services,Financial Services,Financial Technology (Fintech)
CCCL,15-OCT-2007,"Residential, Commercial Projects",Realty,Consumer Discretionary,Realty
CCHHL,03-FEB-2015,Hotels & Resorts,Consumer Services,Consumer Discretionary,Leisure Services
CCL,07-JUN-2004,Tea & Coffee,Fast Moving Consumer Goods,Fast Moving Consumer Goods,Agricultural Food & other Products
CDSL,30-JUN-2017,"Depositories, Clearing Houses and Other Intermediaries",Financial Services,Financial Services,Capital Markets
CEATLTD,01-FEB-2008,Tyres & Rubber Products,Automobile and Auto Components,Consumer Discretionary,Auto Components
CEIGALL,08-AUG-2024,Civil Construction,Construction,Industrials,Construction
CEINSYS,19-FEB-2026,Computers - Software & Consulting,Information Technology,Information Technology,IT - Software
CELEBRITY,12-JAN-2006,Garments & Apparels,Textiles,Consumer Discretionary,Textiles & Apparels
CELLO,06-NOV-2023,Houseware,Consumer Durables,Consumer Discretionary,Consumer Durables
CEMPRO,10-FEB-1999,Civil Construction,Construction,Industrials,Construction
CENTENKA,10-MAY-1995,Other Textile Products,Textiles,Consumer Discretionary,Textiles & Apparels
CENTEXT,20-JUL-2004,"Aluminium, Copper & Zinc Products",Capital Goods,Industrials,Industrial Products
CENTEXT-RE,23-SEP-2026,,,,
CENTRALBK,21-AUG-2007,Public Sector Bank,Financial Services,Financial Services,Banks
CENTRUM,04-APR-2018,Other Financial Services,Financial Services,Financial Services,Finance
CENTUM,05-OCT-2007,Aerospace & Defense,Capital Goods,Industrials,Aerospace & Defense
CENTURYPLY,23-MAR-2006,Plywood Boards/ Laminates,Consumer Durables,Consumer Discretionary,Consumer Durables
CERA,02-NOV-2007,Sanitary Ware,Consumer Durables,Consumer Discretionary,Consumer Durables
CESC,08-FEB-1995,Integrated Power Utilities,Power,Utilities,Power
CEWATER,27-DEC-2024,Waste Management,Utilities,Utilities,Other Utilities
CFEL,17-AUG-2026,Trading & Distributors,Services,Services,Commercial Services & Supplies
CGCL,29-OCT-2010,Non Banking Financial Company (NBFC),Financial Services,Financial Services,Finance
CGPOWER,01-MAR-1995,Heavy Electrical Equipment,Capital Goods,Industrials,Electrical Equipment
CGVAK,17-AUG-2026,Computers - Software & Consulting,Information Technology,Information Technology,IT - Software
CHALET,07-FEB-2019,Hotels & Resorts,Consumer Services,Consumer Discretionary,Leisure Services
CHAMBLFERT,14-JUN-1995,Fertilizers,Chemicals,Commodities,Fertilizers & Agrochemicals
CHEMBOND,20-NOV-2019,Specialty Chemicals,Chemicals,Commodities,Chemicals & Petrochemicals
CHEMBONDCH,23-JUL-2025,Specialty Chemicals,Chemicals,Commodities,Chemicals & Petrochemicals
CHEMCON,01-OCT-2020,Specialty Chemicals,Chemicals,Commodities,Chemicals & Petrochemicals
CHEMCRUX,17-AUG-2026,Specialty Chemicals,Chemicals,Commodities,Chemicals & Petrochemicals
CHEMFAB,25-APR-2018,Commodity Chemicals,Chemicals,Commodities,Chemicals & Petrochemicals
CHEMPLASTS,24-AUG-2021,Specialty Chemicals,Chemicals,Commodities,Chemicals & Petrochemicals
CHENNPETRO,07-JUN-2000,Refineries & Marketing,"Oil, Gas & Consumable Fuels",Energy,Petroleum Products
CHEVIOT,20-JUN-2022,Jute & Jute Products,Forest Materials,Commodities,"Paper, Forest & Jute Products"
CHOICEIN,08-APR-2022,Holding Company,Financial Services,Financial Services,Finance
CHOLAFIN,15-MAY-1996,Non Banking Financial Company (NBFC),Financial Services,Financial Services,Finance
CHOLAHLDNG,25-SEP-2017,Investment Company,Financial Services,Financial Services,Finance
CIEINDIA,30-AUG-2007,Auto Components & Equipments,Automobile and Auto Components,Consumer Discretionary,Auto Components
CIFL,17-APR-2025,Non Banking Financial Company (NBFC),Financial Services,Financial Services,Finance
CINELINE,13-JUN-2012,"Film Production, Distribution & Exhibition","Media, Entertainment & Publication",Consumer Discretionary,Entertainment
CINEVISTA,02-MAY-2000,"Residential, Commercial Projects",Realty,Consumer Discretionary,Realty
CIPLA,08-FEB-1995,Pharmaceuticals,Healthcare,Healthcare,Pharmaceuticals & Biotechnology
CLEAN,19-JUL-2021,Specialty Chemicals,Chemicals,Commodities,Chemicals & Petrochemicals
CLEANMAX,02-MAR-2026,Power Generation,Power,Utilities,Power
CLEDUCATE,31-MAR-2017,Education,Consumer Services,Consumer Discretionary,Other Consumer Services
CLSEL,12-MAY-2021,Other Agricultural Products,Fast Moving Consumer Goods,Fast Moving Consumer Goods,Agricultural Food & other Products
CMLL,24-JUL-2026,Coal,"Oil, Gas & Consumable Fuels",Energy,Consumable Fuels
CMPDI,30-MAR-2026,Civil Construction,Construction,Industrials,Construction
CMRGREEN,10-JUN-2026,"Aluminium, Copper & Zinc Products",Capital Goods,Industrials,Industrial Products
CMSINFO,31-DEC-2021,Diversified Commercial Services,Services,Services,Commercial Services & Supplies
CNL,05-AUG-2019,Trading & Distributors,Services,Services,Commercial Services & Supplies
COALINDIA,04-NOV-2010,Coal,"Oil, Gas & Consumable Fuels",Energy,Consumable Fuels
COASTCORP,08-OCT-2021,Seafood,Fast Moving Consumer Goods,Fast Moving Consumer Goods,Food Products
COCHINSHIP,11-AUG-2017,Ship Building & Allied Services,Capital Goods,Industrials,Industrial Manufacturing
COCKERILL,20-APR-2026,Industrial Products,Capital Goods,Industrials,Industrial Manufacturing
COFFEEDAY,02-NOV-2015,Restaurants,Consumer Services,Consumer Discretionary,Leisure Services
COFORGE,30-AUG-2004,Computers - Software & Consulting,Information Technology,Information Technology,IT - Software
COHANCE,09-MAR-2020,Pharmaceuticals,Healthcare,Healthcare,Pharmaceuticals & Biotechnology
COLPAL,17-DEC-2007,Personal Care,Fast Moving Consumer Goods,Fast Moving Consumer Goods,Personal Products
COMFINTE,20-APR-2026,Breweries & Distilleries,Fast Moving Consumer Goods,Fast Moving Consumer Goods,Beverages
COMPEAU,17-AUG-2026,Auto Dealer,Automobile and Auto Components,Consumer Discretionary,Automobiles
COMPINFO,07-JUL-2016,Computers Hardware & Equipments,Information Technology,Information Technology,IT - Hardware
COMPUSOFT,02-MAR-2012,Education,Consumer Services,Consumer Discretionary,Other Consumer Services
COMSYN,23-JAN-2024,Packaging,Capital Goods,Industrials,Industrial Products
CONCOR,07-MAY-1997,Logistics Solution Provider,Services,Services,Transport Services
CONCORDBIO,18-AUG-2023,Pharmaceuticals,Healthcare,Healthcare,Pharmaceuticals & Biotechnology
CONFIPET,13-JUN-2019,LPG/CNG/PNG/LNG Supplier,"Oil, Gas & Consumable Fuels",Energy,Gas
CONSOFINVT,29-MAR-2005,Non Banking Financial Company (NBFC),Financial Services,Financial Services,Finance
CONTROLPR,24-JUN-2016,Computers Hardware & Equipments,Information Technology,Information Technology,IT - Hardware
CORALFINAC,25-MAR-1996,Diversified Commercial Services,Services,Services,Commercial Services & Supplies
CORDELIA,01-JUL-2026,"Tour, Travel Related Services",Consumer Services,Consumer Discretionary,Leisure Services
CORDSCABLE,13-FEB-2008,Cables - Electricals,Capital Goods,Industrials,Industrial Products
COROMANDEL,31-MAY-1995,Fertilizers,Chemicals,Commodities,Fertilizers & Agrochemicals
CORONA,15-DEC-2025,Pharmaceuticals,Healthcare,Healthcare,Pharmaceuticals & Biotechnology
COSMOFIRST,25-MAY-1995,Packaging,Capital Goods,Industrials,Industrial Products
COUNCODOS,22-JAN-2009,"Residential, Commercial Projects",Realty,Consumer Discretionary,Realty
CPCAP,06-OCT-2010,Non Banking Financial Company (NBFC),Financial Services,Financial Services,Finance
CPEDU,05-SEP-2025,Education,Consumer Services,Consumer Discretionary,Other Consumer Services
CPL,23-JUL-2026,Plastic Products - Industrial,Capital Goods,Industrials,Industrial Products
CPPLUS,05-AUG-2025,Industrial Products,Capital Goods,Industrials,Industrial Manufacturing
CRAFTSMAN,25-MAR-2021,Auto Components & Equipments,Automobile and Auto Components,Consumer Discretionary,Auto Components
CRAMC,16-OCT-2025,Asset Management Company,Financial Services,Financial Services,Capital Markets
CRAVATEX,17-AUG-2026,Trading & Distributors,Services,Services,Commercial Services & Supplies
CREATIVEYE,20-DEC-2000,Media & Entertainment,"Media, Entertainment & Publication",Consumer Discretionary,Entertainment
CREDITACC,23-AUG-2018,Microfinance Institutions,Financial Services,Financial Services,Finance
CREST,27-DEC-2006,Non Banking Financial Company (NBFC),Financial Services,Financial Services,Finance
CRESTO,08-JUL-2020,Media & Entertainment,"Media, Entertainment & Publication",Consumer Discretionary,Entertainment
CRISIL,28-JUN-1995,Other Financial Services,Financial Services,Financial Services,Finance
CRIZAC,09-JUL-2025,Internet & Catalogue Retail,Consumer Services,Consumer Discretionary,Retailing
CROMPTON,13-MAY-2016,Household Appliances,Consumer Durables,Consumer Discretionary,Consumer Durables
CROWN,08-FEB-2022,Industrial Products,Capital Goods,Industrials,Industrial Manufacturing
CRSL,17-AUG-2026,IT Enabled Services,Information Technology,Information Technology,IT - Services
CSBBANK,04-DEC-2019,Private Sector Bank,Financial Services,Financial Services,Banks
CSLFINANCE,21-JUL-2022,Non Banking Financial Company (NBFC),Financial Services,Financial Services,Finance
CSM,02-JUL-2026,Computers - Software & Consulting,Information Technology,Information Technology,IT - Software
CTE,07-FEB-2007,Computers - Software & Consulting,Information Technology,Information Technology,IT - Software
CUB,25-AUG-1998,Private Sector Bank,Financial Services,Financial Services,Banks
CUBEXTUB,24-APR-1996,"Aluminium, Copper & Zinc Products",Capital Goods,Industrials,Industrial Products
CUMMINSIND,29-MAR-1995,"Compressors, Pumps & Diesel Engines",Capital Goods,Industrials,Industrial Products
CUPID,16-SEP-2016,Personal Care,Fast Moving Consumer Goods,Fast Moving Consumer Goods,Personal Products
CURAA,21-MAR-2025,Computers - Software & Consulting,Information Technology,Information Technology,IT - Software
CYBERMEDIA,10-JUN-2005,Electronic Media,"Media, Entertainment & Publication",Consumer Discretionary,Media
CYBERTECH,27-JAN-1999,Computers - Software & Consulting,Information Technology,Information Technology,IT - Software
CYIENT,30-SEP-1998,IT Enabled Services,Information Technology,Information Technology,IT - Services
CYIENTDLM,10-JUL-2023,Aerospace & Defense,Capital Goods,Industrials,Aerospace & Defense
DABUR,28-APR-1999,Personal Care,Fast Moving Consumer Goods,Fast Moving Consumer Goods,Personal Products
DAICHI,20-APR-2026,Specialty Chemicals,Chemicals,Commodities,Chemicals & Petrochemicals
DALBHARAT,22-JAN-2019,Cement & Cement Products,Construction Materials,Commodities,Cement & Cement Products
DALMIASUG,17-JAN-1996,Sugar,Fast Moving Consumer Goods,Fast Moving Consumer Goods,Agricultural Food & other Products
DAMCAPITAL,27-DEC-2024,Stockbroking & Allied,Financial Services,Financial Services,Capital Markets
DAMODARIND,04-JUL-2016,Other Textile Products,Textiles,Consumer Discretionary,Textiles & Apparels
DANGEE,13-NOV-2020,Packaged Foods,Fast Moving Consumer Goods,Fast Moving Consumer Goods,Food Products
DATAMATICS,07-MAY-2004,IT Enabled Services,Information Technology,Information Technology,IT - Services
DATAPATTNS,24-DEC-2021,Aerospace & Defense,Capital Goods,Industrials,Aerospace & Defense
DAVANGERE,25-JAN-2024,Diversified FMCG,Fast Moving Consumer Goods,Fast Moving Consumer Goods,Diversified FMCG
DBCORP,06-JAN-2010,Print Media,"Media, Entertainment & Publication",Consumer Discretionary,Media
DBEIL,28-OCT-2024,Civil Construction,Construction,Industrials,Construction
DBL,11-AUG-2016,Civil Construction,Construction,Industrials,Construction
DBOL,08-SEP-2022,Sugar,Fast Moving Consumer Goods,Fast Moving Consumer Goods,Agricultural Food & other Products
DBREALTY,24-FEB-2010,"Residential, Commercial Projects",Realty,Consumer Discretionary,Realty
DBSTOCKBRO,29-FEB-2012,Stockbroking & Allied,Financial Services,Financial Services,Capital Markets
DCAL,21-SEP-2017,Pharmaceuticals,Healthcare,Healthcare,Pharmaceuticals & Biotechnology
DCBBANK,27-OCT-2006,Private Sector Bank,Financial Services,Financial Services,Banks
DCI,19-OCT-2022,Computers Hardware & Equipments,Information Technology,Information Technology,IT - Hardware
DCM,29-MAR-1995,IT Enabled Services,Information Technology,Information Technology,IT - Services
DCMFINSERV,21-MAY-1997,Investment Company,Financial Services,Financial Services,Finance
DCMNVL,16-JUL-2019,Other Textile Products,Textiles,Consumer Discretionary,Textiles & Apparels
DCMSHRIRAM,12-APR-1995,Diversified,Diversified,Diversified,Diversified
DCMSIL,17-FEB-2026,Other Textile Products,Textiles,Consumer Discretionary,Textiles & Apparels
DCMSRIND,24-DEC-2021,Sugar,Fast Moving Consumer Goods,Fast Moving Consumer Goods,Agricultural Food & other Products
DCW,25-MAY-1995,Petrochemicals,Chemicals,Commodities,Chemicals & Petrochemicals
DCXINDIA,11-NOV-2022,Aerospace & Defense,Capital Goods,Industrials,Aerospace & Defense
DDEVPLSTIK,15-JAN-2025,Specialty Chemicals,Chemicals,Commodities,Chemicals & Petrochemicals
DECCANCE,02-AUG-2007,Cement & Cement Products,Construction Materials,Commodities,Cement & Cement Products
DECNGOLD,20-APR-2026,Precious Metals,Metals & Mining,Commodities,Non - Ferrous Metals
DEEDEV,26-JUN-2024,Industrial Products,Capital Goods,Industrials,Industrial Manufacturing
DEEP,17-AUG-2026,Specialty Chemicals,Chemicals,Commodities,Chemicals & Petrochemicals
DEEPA,08-SEP-2026,"Gems, Jewellery And Watches",Consumer Durables,Consumer Discretionary,Consumer Durables
DEEPAKFERT,17-JAN-2003,Commodity Chemicals,Chemicals,Commodities,Chemicals & Petrochemicals
DEEPAKNTR,29-SEP-2010,Specialty Chemicals,Chemicals,Commodities,Chemicals & Petrochemicals
DEEPINDS,27-APR-2021,Oil Equipment & Services,"Oil, Gas & Consumable Fuels",Energy,Oil
DELHIVERY,24-MAY-2022,Logistics Solution Provider,Services,Services,Transport Services
DELPHIFX,28-JUN-2011,Other Financial Services,Financial Services,Financial Services,Finance
DELTACORP,02-NOV-2007,Amusement Parks/ Other Recreation,Consumer Services,Consumer Discretionary,Leisure Services
DELTAMAGNT,18-OCT-1995,Other Industrial Products,Capital Goods,Industrials,Industrial Products
DEN,24-NOV-2009,TV Broadcasting & Software Production,"Media, Entertainment & Publication",Consumer Discretionary,Entertainment
DENORA,07-AUG-1997,Electrodes & Refractories,Capital Goods,Industrials,Industrial Products
DENTA,29-JAN-2025,Water Supply & Management,Utilities,Utilities,Other Utilities
DEVIT,15-FEB-2022,IT Enabled Services,Information Technology,Information Technology,IT - Services
DEVX,17-SEP-2025,Diversified Commercial Services,Services,Services,Commercial Services & Supplies
DEVYANI,16-AUG-2021,Restaurants,Consumer Services,Consumer Discretionary,Leisure Services
DGCONTENT,18-JUN-2019,Advertising & Media Agencies,"Media, Entertainment & Publication",Consumer Discretionary,Media
DHABRIYA,17-AUG-2026,Plastic Products - Industrial,Capital Goods,Industrials,Industrial Products
DHAMPURSUG,29-MAR-1995,Sugar,Fast Moving Consumer Goods,Fast Moving Consumer Goods,Agricultural Food & other Products
DHANBANK,01-APR-2004,Private Sector Bank,Financial Services,Financial Services,Banks
DHANUKA,29-JUN-2011,Pesticides & Agrochemicals,Chemicals,Commodities,Fertilizers & Agrochemicals
DHARAN,02-APR-2018,"Residential, Commercial Projects",Realty,Consumer Discretionary,Realty
DHARMAJ,08-DEC-2022,Pesticides & Agrochemicals,Chemicals,Commodities,Fertilizers & Agrochemicals
DHATRE,17-AUG-2026,Iron & Steel Products,Capital Goods,Industrials,Industrial Products
DHOOTTRANS,17-AUG-2026,Auto Components & Equipments,Automobile and Auto Components,Consumer Discretionary,Auto Components
DHRUV,25-NOV-2021,Consulting Services,Services,Services,Commercial Services & Supplies
DHUNINV,18-MAR-2011,Non Banking Financial Company (NBFC),Financial Services,Financial Services,Finance
DIACABS,15-SEP-2023,Other Electrical Equipment,Capital Goods,Industrials,Electrical Equipment
DIAMINESQ,25-SEP-2023,Specialty Chemicals,Chemicals,Commodities,Chemicals & Petrochemicals
DIAMONDYD,05-OCT-2017,Packaged Foods,Fast Moving Consumer Goods,Fast Moving Consumer Goods,Food Products
DICIND,30-AUG-1995,Printing Inks,Chemicals,Commodities,Chemicals & Petrochemicals
DIFFNKG,04-OCT-2024,Other Industrial Products,Capital Goods,Industrials,Industrial Products
DIGIDRIVE,10-JAN-2024,E-Retail/ E-Commerce,Consumer Services,Consumer Discretionary,Retailing
DIGISPICE,27-MAY-2008,IT Enabled Services,Information Technology,Information Technology,IT - Services
DIGITIDE,11-JUN-2025,IT Enabled Services,Information Technology,Information Technology,IT - Services
DIGJAMLMTD,18-OCT-2021,Other Textile Products,Textiles,Consumer Discretionary,Textiles & Apparels
DISAQ,20-APR-2026,Industrial Products,Capital Goods,Industrials,Industrial Manufacturing
DISHTV,18-APR-2007,TV Broadcasting & Software Production,"Media, Entertainment & Publication",Consumer Discretionary,Entertainment
DIVGIITTS,14-MAR-2023,Auto Components & Equipments,Automobile and Auto Components,Consumer Discretionary,Auto Components
DIVISLAB,12-MAR-2003,Pharmaceuticals,Healthcare,Healthcare,Pharmaceuticals & Biotechnology
DIXON,18-SEP-2017,Consumer Electronics,Consumer Durables,Consumer Discretionary,Consumer Durables
DJML,05-DEC-2022,Logistics Solution Provider,Services,Services,Transport Services
DLF,05-JUL-2007,"Residential, Commercial Projects",Realty,Consumer Discretionary,Realty
DLINKINDIA,18-DEC-2009,Computers Hardware & Equipments,Information Technology,Information Technology,IT - Hardware
DMART,21-MAR-2017,Diversified Retail,Consumer Services,Consumer Discretionary,Retailing
DMCC,01-DEC-2021,Specialty Chemicals,Chemicals,Commodities,Chemicals & Petrochemicals
DNAMEDIA,11-DEC-2017,Electronic Media,"Media, Entertainment & Publication",Consumer Discretionary,Media
DODLA,28-JUN-2021,Dairy Products,Fast Moving Consumer Goods,Fast Moving Consumer Goods,Food Products
DOLATALGO,12-JAN-2024,Stockbroking & Allied,Financial Services,Financial Services,Capital Markets
DOLLAR,21-APR-2017,Garments & Apparels,Textiles,Consumer Discretionary,Textiles & Apparels
DOLLEX,11-SEP-2026,Sugar,Fast Moving Consumer Goods,Fast Moving Consumer Goods,Agricultural Food & other Products
DOLPHIN,21-AUG-2023,Offshore Support Solution Drilling,"Oil, Gas & Consumable Fuels",Energy,Oil
DOMS,20-DEC-2023,Stationary,Fast Moving Consumer Goods,Fast Moving Consumer Goods,Household Products
DONEAR,20-DEC-2006,Other Textile Products,Textiles,Consumer Discretionary,Textiles & Apparels
DPABHUSHAN,03-NOV-2020,"Gems, Jewellery And Watches",Consumer Durables,Consumer Discretionary,Consumer Durables
DPSCLTD,21-APR-2008,Integrated Power Utilities,Power,Utilities,Power
DPWIRES,17-JAN-2020,Iron & Steel Products,Capital Goods,Industrials,Industrial Products
DRAGARWQ,20-APR-2026,Hospital,Healthcare,Healthcare,Healthcare Services
DRCSYSTEMS,10-MAR-2021,Computers - Software & Consulting,Information Technology,Information Technology,IT - Software
DREAMFOLKS,06-SEP-2022,Airport & Airport services,Services,Services,Transport Infrastructure
DREDGECORP,15-JAN-2004,Dredging,Services,Services,Engineering Services
DRREDDY,30-MAY-2003,Pharmaceuticals,Healthcare,Healthcare,Pharmaceuticals & Biotechnology
DSFCL,17-FEB-2026,Specialty Chemicals,Chemicals,Commodities,Chemicals & Petrochemicals
DSKULKARNI,08-FEB-1995,"Residential, Commercial Projects",Realty,Consumer Discretionary,Realty
DSSL,01-DEC-2011,IT Enabled Services,Information Technology,Information Technology,IT - Services
DTIL,20-JAN-2015,Tea & Coffee,Fast Moving Consumer Goods,Fast Moving Consumer Goods,Agricultural Food & other Products
DUCON,09-OCT-2012,Industrial Products,Capital Goods,Industrials,Industrial Manufacturing
DVL,11-JAN-2008,Packaging,Capital Goods,Industrials,Industrial Products
DWARKESH,31-DEC-2004,Sugar,Fast Moving Consumer Goods,Fast Moving Consumer Goods,Agricultural Food & other Products
DYCL,27-JUL-2022,Cables - Electricals,Capital Goods,Industrials,Industrial Products
DYNAMATECH,14-SEP-2006,Industrial Products,Capital Goods,Industrials,Industrial Manufacturing
DYNPRO,19-JUL-2017,Specialty Chemicals,Chemicals,Commodities,Chemicals & Petrochemicals
E2E,12-APR-2022,IT Enabled Services,Information Technology,Information Technology,IT - Services
EASEMYTRIP,19-MAR-2021,"Tour, Travel Related Services",Consumer Services,Consumer Discretionary,Leisure Services
EASTSILK,03-JUL-1996,Other Textile Products,Textiles,Consumer Discretionary,Textiles & Apparels
EASTWEST,17-AUG-2026,Logistics Solution Provider,Services,Services,Transport Services
EBGNG,30-JUL-2025,Computers Hardware & Equipments,Information Technology,Information Technology,IT - Hardware
EBIX,17-AUG-2026,2/3 Wheelers,Automobile and Auto Components,Consumer Discretionary,Automobiles
ECLERX,31-DEC-2007,Business Process Outsourcing (BPO)/ Knowledge Process Outsourcing (KPO),Services,Services,Commercial Services & Supplies
ECORECO,17-AUG-2026,Waste Management,Utilities,Utilities,Other Utilities
ECOSMOBLTY,04-SEP-2024,Road Transport,Services,Services,Transport Services
EDELWEISS,12-DEC-2007,Holding Company,Financial Services,Financial Services,Finance
EFCIL,20-AUG-2025,Diversified Commercial Services,Services,Services,Commercial Services & Supplies
EICHERMOT,07-SEP-2004,2/3 Wheelers,Automobile and Auto Components,Consumer Discretionary,Automobiles
EIDPARRY,10-MAY-1995,Other Food Products,Fast Moving Consumer Goods,Fast Moving Consumer Goods,Food Products
EIEL,29-NOV-2024,Water Supply & Management,Utilities,Utilities,Other Utilities
EIFFL,12-OCT-2021,Packaged Foods,Fast Moving Consumer Goods,Fast Moving Consumer Goods,Food Products
EIHAHOTELS,08-APR-2008,Hotels & Resorts,Consumer Services,Consumer Discretionary,Leisure Services
EIHOTEL,08-FEB-1995,Hotels & Resorts,Consumer Services,Consumer Discretionary,Leisure Services
EIMCOELECO,17-APR-1996,Industrial Products,Capital Goods,Industrials,Industrial Manufacturing
EKC,15-DEC-2005,Industrial Products,Capital Goods,Industrials,Industrial Manufacturing
EKI,17-AUG-2026,Consulting Services,Services,Services,Commercial Services & Supplies
ELANTAS,20-APR-2026,Specialty Chemicals,Chemicals,Commodities,Chemicals & Petrochemicals
ELCIDIN,20-APR-2026,Investment Company,Financial Services,Financial Services,Finance
ELDEHSG,12-APR-2022,"Residential, Commercial Projects",Realty,Consumer Discretionary,Realty
ELECON,29-SEP-2006,Heavy Electrical Equipment,Capital Goods,Industrials,Electrical Equipment
ELECTCAST,20-JUN-2003,Iron & Steel Products,Capital Goods,Industrials,Industrial Products
ELECTHERM,20-AUG-2007,Iron & Steel Products,Capital Goods,Industrials,Industrial Products
ELEVATE,30-SEP-2026,,,,
ELGIEQUIP,22-NOV-1995,"Compressors, Pumps & Diesel Engines",Capital Goods,Industrials,Industrial Products
ELGIRUBCO,10-AUG-2011,Rubber,Capital Goods,Industrials,Industrial Products
ELIN,30-DEC-2022,Household Appliances,Consumer Durables,Consumer Discretionary,Consumer Durables
ELITECON,20-APR-2026,Cigarettes & Tobacco Products,Fast Moving Consumer Goods,Fast Moving Consumer Goods,Cigarettes & Tobacco Products
ELLEN,01-JUL-2025,Industrial Gases,Chemicals,Commodities,Chemicals & Petrochemicals
ELPROINTL,20-APR-2026,"Residential, Commercial Projects",Realty,Consumer Discretionary,Realty
EMAMILTD,03-AUG-2006,Personal Care,Fast Moving Consumer Goods,Fast Moving Consumer Goods,Personal Products
EMAMIPAP,30-MAY-2019,Paper & Paper Products,Forest Materials,Commodities,"Paper, Forest & Jute Products"
EMAMIREAL,28-JUL-2010,"Residential, Commercial Projects",Realty,Consumer Discretionary,Realty
EMBDL,23-MAR-2007,"Residential, Commercial Projects",Realty,Consumer Discretionary,Realty
EMCURE,10-JUL-2024,Pharmaceuticals,Healthcare,Healthcare,Pharmaceuticals & Biotechnology
EMIL,17-OCT-2022,Diversified Retail,Consumer Services,Consumer Discretionary,Retailing
EMKAY,28-APR-2006,Stockbroking & Allied,Financial Services,Financial Services,Capital Markets
EMMBI,24-FEB-2010,Packaging,Capital Goods,Industrials,Industrial Products
EMMVEE,18-NOV-2025,Other Electrical Equipment,Capital Goods,Industrials,Electrical Equipment
EMPIND,17-AUG-2026,Diversified,Diversified,Diversified,Diversified
EMPOWER,20-APR-2026,Computers - Software & Consulting,Information Technology,Information Technology,IT - Software
EMSLIMITED,21-SEP-2023,Waste Management,Utilities,Utilities,Other Utilities
EMUDHRA,01-JUN-2022,IT Enabled Services,Information Technology,Information Technology,IT - Services
ENDURANCE,19-OCT-2016,Auto Components & Equipments,Automobile and Auto Components,Consumer Discretionary,Auto Components
ENERGYDEV,02-NOV-2007,Power Generation,Power,Utilities,Power
ENGINERSIN,20-AUG-1997,Civil Construction,Construction,Industrials,Construction
ENIL,15-FEB-2006,Media & Entertainment,"Media, Entertainment & Publication",Consumer Discretionary,Entertainment
ENKEIWHEL,17-AUG-2026,Auto Components & Equipments,Automobile and Auto Components,Consumer Discretionary,Auto Components
ENRIN,19-JUN-2025,Heavy Electrical Equipment,Capital Goods,Industrials,Electrical Equipment
ENTERO,16-FEB-2024,Pharmacy Retail,Consumer Services,Consumer Discretionary,Retailing
EPACK,30-JAN-2024,Household Appliances,Consumer Durables,Consumer Discretionary,Consumer Durables
EPACKPEB,01-OCT-2025,Industrial Products,Capital Goods,Industrials,Industrial Manufacturing
EPIGRAL,18-AUG-2021,Specialty Chemicals,Chemicals,Commodities,Chemicals & Petrochemicals
EPL,11-FEB-2002,Packaging,Capital Goods,Industrials,Industrial Products
EQUIPPP,19-MAY-2021,Computers - Software & Consulting,Information Technology,Information Technology,IT - Software
EQUITASBNK,02-NOV-2020,Other Bank,Financial Services,Financial Services,Banks
ERIS,29-JUN-2017,Pharmaceuticals,Healthcare,Healthcare,Pharmaceuticals & Biotechnology
ESABINDIA,01-NOV-1995,Other Industrial Products,Capital Goods,Industrials,Industrial Products
ESAFSFB,10-NOV-2023,Other Bank,Financial Services,Financial Services,Banks
ESCORTS,01-MAR-1995,Tractors,Capital Goods,Industrials,"Agricultural, Commercial & Construction Vehicles"
ESDS,04-SEP-2026,IT Enabled Services,Information Technology,Information Technology,IT - Services
ESSARSHPNG,15-NOV-2011,Shipping,Services,Services,Transport Services
ESSENTIA,20-AUG-2013,Trading & Distributors,Services,Services,Commercial Services & Supplies
ESTER,20-JUN-2011,Packaging,Capital Goods,Industrials,Industrial Products
ETERNAL,23-JUL-2021,E-Retail/ E-Commerce,Consumer Services,Consumer Discretionary,Retailing
ETHOSLTD,30-MAY-2022,"Gems, Jewellery And Watches",Consumer Durables,Consumer Discretionary,Consumer Durables
EUREKAFORB,11-SEP-2024,Household Appliances,Consumer Durables,Consumer Discretionary,Consumer Durables
EUROBOND,01-AUG-2025,"Aluminium, Copper & Zinc Products",Capital Goods,Industrials,Industrial Products
EUROPRATIK,23-SEP-2025,"Furniture, Home Furnishing",Consumer Durables,Consumer Discretionary,Consumer Durables
EUROTEXIND,31-JAN-1996,Other Textile Products,Textiles,Consumer Discretionary,Textiles & Apparels
EVEREADY,27-APR-2005,Household Products,Fast Moving Consumer Goods,Fast Moving Consumer Goods,Household Products
EVERESTIND,29-MAR-1995,Other Construction Materials,Construction Materials,Commodities,Other Construction Materials
EXCELINDUS,16-JUN-2004,Specialty Chemicals,Chemicals,Commodities,Chemicals & Petrochemicals
EXCELSOFT,26-NOV-2025,IT Enabled Services,Information Technology,Information Technology,IT - Services
EXICOM,05-MAR-2024,Heavy Electrical Equipment,Capital Goods,Industrials,Electrical Equipment
EXIDEIND,17-JUN-2003,Auto Components & Equipments,Automobile and Auto Components,Consumer Discretionary,Auto Components
EXPLEOSOL,26-OCT-2009,IT Enabled Services,Information Technology,Information Technology,IT - Services
EXXARO,16-AUG-2021,Ceramics,Consumer Durables,Consumer Discretionary,Consumer Durables
FABTECH,07-OCT-2025,"Healthcare Research, Analytics & Technology",Healthcare,Healthcare,Healthcare Services
FACT,12-APR-1995,Fertilizers,Chemicals,Commodities,Fertilizers & Agrochemicals
FAIRCHEMOR,24-DEC-2020,Specialty Chemicals,Chemicals,Commodities,Chemicals & Petrochemicals
FAZE3Q,18-NOV-2022,Other Textile Products,Textiles,Consumer Discretionary,Textiles & Apparels
FCL,15-JAN-2015,Specialty Chemicals,Chemicals,Commodities,Chemicals & Petrochemicals
FCSSOFT,21-SEP-2005,IT Enabled Services,Information Technology,Information Technology,IT - Services
FDC,07-AUG-1997,Pharmaceuticals,Healthcare,Healthcare,Pharmaceuticals & Biotechnology
FEDDERSHOL,20-APR-2026,Non Banking Financial Company (NBFC),Financial Services,Financial Services,Finance
FEDERALBNK,08-FEB-1995,Private Sector Bank,Financial Services,Financial Services,Banks
FEDFINA,30-NOV-2023,Non Banking Financial Company (NBFC),Financial Services,Financial Services,Finance
FEL,05-NOV-2001,Diversified Retail,Consumer Services,Consumer Discretionary,Retailing
FELDVR,13-FEB-2009,Diversified Retail,Consumer Services,Consumer Discretionary,Retailing
FERMENTA,04-AUG-2026,Pharmaceuticals,Healthcare,Healthcare,Pharmaceuticals & Biotechnology
FIBERWEB,16-FEB-2022,Other Textile Products,Textiles,Consumer Discretionary,Textiles & Apparels
FIEMIND,19-OCT-2006,Auto Components & Equipments,Automobile and Auto Components,Consumer Discretionary,Auto Components
FILATEX,29-AUG-2011,Other Textile Products,Textiles,Consumer Discretionary,Textiles & Apparels
FILATFASH,06-MAY-2024,Garments & Apparels,Textiles,Consumer Discretionary,Textiles & Apparels
FINCABLES,15-FEB-1995,Cables - Electricals,Capital Goods,Industrials,Industrial Products
FINEORG,02-JUL-2018,Specialty Chemicals,Chemicals,Commodities,Chemicals & Petrochemicals
FINKURVE,01-OCT-2025,Non Banking Financial Company (NBFC),Financial Services,Financial Services,Finance
FINOPB,12-NOV-2021,Other Bank,Financial Services,Financial Services,Banks
FINPIPE,08-FEB-1995,Plastic Products - Industrial,Capital Goods,Industrials,Industrial Products
FIRSTCRY,13-AUG-2024,E-Retail/ E-Commerce,Consumer Services,Consumer Discretionary,Retailing
FISCHER,10-JUL-2025,Medical Equipment & Supplies,Healthcare,Healthcare,Healthcare Equipment & Supplies
FIVESTAR,21-NOV-2022,Non Banking Financial Company (NBFC),Financial Services,Financial Services,Finance
FLAIR,01-DEC-2023,Stationary,Fast Moving Consumer Goods,Fast Moving Consumer Goods,Household Products
FLEXITUFF,19-OCT-2011,Other Textile Products,Textiles,Consumer Discretionary,Textiles & Apparels
FLFL,01-OCT-2013,Diversified Retail,Consumer Services,Consumer Discretionary,Retailing
FLUOROCHEM,16-OCT-2019,Specialty Chemicals,Chemicals,Commodities,Chemicals & Petrochemicals
FMGOETZE,08-FEB-1995,Auto Components & Equipments,Automobile and Auto Components,Consumer Discretionary,Auto Components
FMNL,31-DEC-2010,Diversified Commercial Services,Services,Services,Commercial Services & Supplies
FOCUS,24-NOV-2021,Consumer Electronics,Consumer Durables,Consumer Discretionary,Consumer Durables
FOODSIN,16-NOV-2021,Packaged Foods,Fast Moving Consumer Goods,Fast Moving Consumer Goods,Food Products
FORCEMOT,14-FEB-2024,Passenger Cars & Utility Vehicles,Automobile and Auto Components,Consumer Discretionary,Automobiles
FORTIS,09-MAY-2007,Hospital,Healthcare,Healthcare,Healthcare Services
FOSECOIND,05-MAY-2003,Specialty Chemicals,Chemicals,Commodities,Chemicals & Petrochemicals
FRACTAL,16-FEB-2026,Computers - Software & Consulting,Information Technology,Information Technology,IT - Software
FREDUN,17-AUG-2026,Pharmaceuticals,Healthcare,Healthcare,Pharmaceuticals & Biotechnology
FRONTSP,20-APR-2026,Auto Components & Equipments,Automobile and Auto Components,Consumer Discretionary,Auto Components
FSL,22-FEB-2007,Business Process Outsourcing (BPO)/ Knowledge Process Outsourcing (KPO),Services,Services,Commercial Services & Supplies
FUSION,15-NOV-2022,Microfinance Institutions,Financial Services,Financial Services,Finance
GABRIEL,20-APR-2005,Auto Components & Equipments,Automobile and Auto Components,Consumer Discretionary,Auto Components
GAEL,11-OCT-2000,Other Agricultural Products,Fast Moving Consumer Goods,Fast Moving Consumer Goods,Agricultural Food & other Products
GAIL,02-APR-1997,Gas Transmission/Marketing,"Oil, Gas & Consumable Fuels",Energy,Gas
GAJA,26-AUG-2026,Asset Management Company,Financial Services,Financial Services,Capital Markets
GALAPREC,09-SEP-2024,Industrial Products,Capital Goods,Industrials,Industrial Manufacturing
GALAXYSURF,08-FEB-2018,Specialty Chemicals,Chemicals,Commodities,Chemicals & Petrochemicals
GALLANTT,04-APR-2006,Iron & Steel Products,Capital Goods,Industrials,Industrial Products
GANDHAR,30-NOV-2023,Lubricants,"Oil, Gas & Consumable Fuels",Energy,Petroleum Products
GANDHITUBE,31-JAN-2007,Iron & Steel Products,Capital Goods,Industrials,Industrial Products
GANECOS,09-MAR-2015,Other Textile Products,Textiles,Consumer Discretionary,Textiles & Apparels
GANESHBE,16-SEP-2021,Oil Storage & Transportation,"Oil, Gas & Consumable Fuels",Energy,Oil
GANESHCP,29-SEP-2025,Packaged Foods,Fast Moving Consumer Goods,Fast Moving Consumer Goods,Food Products
GANESHHOU,02-MAR-2007,"Residential, Commercial Projects",Realty,Consumer Discretionary,Realty
GANGAFORGE,06-JUL-2021,Castings & Forgings,Capital Goods,Industrials,Industrial Products
GANGESSECU,28-JUL-2017,Tea & Coffee,Fast Moving Consumer Goods,Fast Moving Consumer Goods,Agricultural Food & other Products
GARFIBRES,03-APR-2007,Other Textile Products,Textiles,Consumer Discretionary,Textiles & Apparels
GARUDA,15-OCT-2024,Civil Construction,Construction,Industrials,Construction
GATECH,25-JUL-2016,Other Financial Services,Financial Services,Financial Services,Finance
GATECHDVR,10-OCT-2017,Other Financial Services,Financial Services,Financial Services,Finance
GATEWAY,22-MAR-2022,Logistics Solution Provider,Services,Services,Transport Services
GAUDIUMIVF,27-FEB-2026,Healthcare Service Provider,Healthcare,Healthcare,Healthcare Services
GAYAHWS,28-JUN-2018,"Road AssetsToll, Annuity, Hybrid-Annuity",Services,Services,Transport Infrastructure
GAYAPROJ,22-AUG-2011,Civil Construction,Construction,Industrials,Construction
GCSL,04-SEP-2025,Other Capital Market related Services,Financial Services,Financial Services,Capital Markets
GEECEE,04-OCT-2006,"Residential, Commercial Projects",Realty,Consumer Discretionary,Realty
GEEKAYWIRE,06-MAR-2020,Iron & Steel Products,Capital Goods,Industrials,Industrial Products
GEMAROMA,26-AUG-2025,Specialty Chemicals,Chemicals,Commodities,Chemicals & Petrochemicals
GENCON,16-FEB-2021,"Residential, Commercial Projects",Realty,Consumer Discretionary,Realty
GENESYS,23-JAN-2003,IT Enabled Services,Information Technology,Information Technology,IT - Services
GENSOL,03-JUL-2023,Other Electrical Equipment,Capital Goods,Industrials,Electrical Equipment
GENUSPAPER,16-FEB-2015,Paper & Paper Products,Forest Materials,Commodities,"Paper, Forest & Jute Products"
GENUSPOWER,08-JUL-2005,Other Electrical Equipment,Capital Goods,Industrials,Electrical Equipment
GEOJITFSL,01-JUL-2005,Stockbroking & Allied,Financial Services,Financial Services,Capital Markets
GESHIP,27-NOV-2006,Shipping,Services,Services,Transport Services
GFLLIMITED,25-MAY-1995,Holding Company,Financial Services,Financial Services,Finance
GFSTEELS,22-JUL-2019,Iron & Steel Products,Capital Goods,Industrials,Industrial Products
GHCL,31-JUL-2003,Commodity Chemicals,Chemicals,Commodities,Chemicals & Petrochemicals
GHCLTEXTIL,12-JUN-2023,Other Textile Products,Textiles,Consumer Discretionary,Textiles & Apparels
GICHSGFIN,08-MAY-1996,Housing Finance Company,Financial Services,Financial Services,Finance
GICL,18-FEB-2026,Logistics Solution Provider,Services,Services,Transport Services
GICRE,25-OCT-2017,General Insurance,Financial Services,Financial Services,Insurance
GILLANDERS,14-DEC-2009,Tea & Coffee,Fast Moving Consumer Goods,Fast Moving Consumer Goods,Agricultural Food & other Products
GILLETTE,30-JUL-2003,Personal Care,Fast Moving Consumer Goods,Fast Moving Consumer Goods,Personal Products
GINNIFILA,10-MAY-1995,Other Textile Products,Textiles,Consumer Discretionary,Textiles & Apparels
GIPCL,08-FEB-1995,Power Generation,Power,Utilities,Power
GKB,17-AUG-2026,Medical Equipment & Supplies,Healthcare,Healthcare,Healthcare Equipment & Supplies
GKENERGY,26-SEP-2025,Civil Construction,Construction,Industrials,Construction
GKSL,30-DEC-2025,Hospital,Healthcare,Healthcare,Healthcare Services
GKWLIMITED,20-JUL-2009,Investment Company,Financial Services,Financial Services,Finance
GLAND,20-NOV-2020,Pharmaceuticals,Healthcare,Healthcare,Pharmaceuticals & Biotechnology
GLASSWALL,16-SEP-2026,Other Construction Materials,Construction Materials,Commodities,Other Construction Materials
GLAXO,15-DEC-2000,Pharmaceuticals,Healthcare,Healthcare,Pharmaceuticals & Biotechnology
GLENMARK,07-FEB-2000,Pharmaceuticals,Healthcare,Healthcare,Pharmaceuticals & Biotechnology
GLFL,08-FEB-1995,Other Financial Services,Financial Services,Financial Services,Finance
GLOBAL,07-DEC-2020,Education,Consumer Services,Consumer Discretionary,Other Consumer Services
GLOBALE,27-AUG-2024,Trading - Textile Products,Textiles,Consumer Discretionary,Textiles & Apparels
GLOBALVECT,27-OCT-2006,Airline,Services,Services,Transport Services
GLOBE,07-OCT-2020,Other Textile Products,Textiles,Consumer Discretionary,Textiles & Apparels
GLOBECIVIL,01-JUL-2025,Civil Construction,Construction,Industrials,Construction
GLOBUSSPR,23-SEP-2009,Breweries & Distilleries,Fast Moving Consumer Goods,Fast Moving Consumer Goods,Beverages
GLOSTERLTD,26-APR-2024,Jute & Jute Products,Forest Materials,Commodities,"Paper, Forest & Jute Products"
GLOTTIS,07-OCT-2025,Logistics Solution Provider,Services,Services,Transport Services
GMBREW,23-AUG-1995,Breweries & Distilleries,Fast Moving Consumer Goods,Fast Moving Consumer Goods,Beverages
GMDCLTD,17-DEC-1997,Industrial Minerals,Metals & Mining,Commodities,Minerals & Mining
GMMPFAUDLR,05-MAR-2018,Industrial Products,Capital Goods,Industrials,Industrial Manufacturing
GMRAIRPORT,21-AUG-2006,Airport & Airport services,Services,Services,Transport Infrastructure
GMRP&UI,23-MAR-2022,Power Generation,Power,Utilities,Power
GNA,26-SEP-2016,Auto Components & Equipments,Automobile and Auto Components,Consumer Discretionary,Auto Components
GNFC,17-MAY-1995,Commodity Chemicals,Chemicals,Commodities,Chemicals & Petrochemicals
GNRL,20-APR-2026,Oil Exploration & Production,"Oil, Gas & Consumable Fuels",Energy,Oil
GOACARBON,05-JUN-2007,Industrial Minerals,Metals & Mining,Commodities,Minerals & Mining
GOCLCORP,26-JUN-2014,Explosives,Chemicals,Commodities,Chemicals & Petrochemicals
GOCOLORS,30-NOV-2021,Speciality Retail,Consumer Services,Consumer Discretionary,Retailing
GODAVARIB,30-OCT-2024,Diversified FMCG,Fast Moving Consumer Goods,Fast Moving Consumer Goods,Diversified FMCG
GODFRYPHLP,24-JUL-1996,Cigarettes & Tobacco Products,Fast Moving Consumer Goods,Fast Moving Consumer Goods,Cigarettes & Tobacco Products
GODIGIT,23-MAY-2024,General Insurance,Financial Services,Financial Services,Insurance
GODREJAGRO,16-OCT-2017,Animal Feed,Fast Moving Consumer Goods,Fast Moving Consumer Goods,Food Products
GODREJCP,20-JUN-2001,Personal Care,Fast Moving Consumer Goods,Fast Moving Consumer Goods,Personal Products
GODREJIND,25-FEB-2003,Diversified,Diversified,Diversified,Diversified
GODREJPROP,05-JAN-2010,"Residential, Commercial Projects",Realty,Consumer Discretionary,Realty
GOKEX,27-APR-2005,Garments & Apparels,Textiles,Consumer Discretionary,Textiles & Apparels
GOKUL,04-JUN-2008,Edible Oil,Fast Moving Consumer Goods,Fast Moving Consumer Goods,Agricultural Food & other Products
GOKULAGRO,11-MAR-2016,Edible Oil,Fast Moving Consumer Goods,Fast Moving Consumer Goods,Agricultural Food & other Products
GOLDENTOBC,08-FEB-1995,"Residential, Commercial Projects",Realty,Consumer Discretionary,Realty
GOLDIAM,29-AUG-2005,"Gems, Jewellery And Watches",Consumer Durables,Consumer Discretionary,Consumer Durables
GOLDTECH,11-APR-2001,Software Products,Information Technology,Information Technology,IT - Software
GOODLUCK,08-JAN-2015,Iron & Steel Products,Capital Goods,Industrials,Industrial Products
GOODYEAR,20-APR-2026,Tyres & Rubber Products,Automobile and Auto Components,Consumer Discretionary,Auto Components
GOPAL,14-MAR-2024,Packaged Foods,Fast Moving Consumer Goods,Fast Moving Consumer Goods,Food Products
GOYALALUM,04-NOV-2022,Trading & Distributors,Services,Services,Commercial Services & Supplies
GPIL,25-APR-2006,Iron & Steel Products,Capital Goods,Industrials,Industrial Products
GPPL,09-SEP-2010,Port & Port services,Services,Services,Transport Infrastructure
GPTHEALTH,29-FEB-2024,Hospital,Healthcare,Healthcare,Healthcare Services
GPTINFRA,11-JUL-2016,Civil Construction,Construction,Industrials,Construction
GRADIENTE,08-MAY-2026,Advertising & Media Agencies,"Media, Entertainment & Publication",Consumer Discretionary,Media
GRANDOAK,20-APR-2026,Non Banking Financial Company (NBFC),Financial Services,Financial Services,Finance
GRANULES,20-JUN-2005,Pharmaceuticals,Healthcare,Healthcare,Pharmaceuticals & Biotechnology
GRAPHITE,07-FEB-2003,Electrodes & Refractories,Capital Goods,Industrials,Industrial Products
GRASIM,10-MAY-1995,Cement & Cement Products,Construction Materials,Commodities,Cement & Cement Products
GRAUWEIL,20-APR-2026,Commodity Chemicals,Chemicals,Commodities,Chemicals & Petrochemicals
GRAVISSHO,20-APR-2026,Hotels & Resorts,Consumer Services,Consumer Discretionary,Leisure Services
GRAVITA,16-NOV-2010,Industrial Minerals,Metals & Mining,Commodities,Minerals & Mining
GREAVESCOT,09-SEP-2004,"Compressors, Pumps & Diesel Engines",Capital Goods,Industrials,Industrial Products
GREENLAM,02-MAR-2015,Plywood Boards/ Laminates,Consumer Durables,Consumer Discretionary,Consumer Durables
GREENPANEL,23-OCT-2019,Plywood Boards/ Laminates,Consumer Durables,Consumer Discretionary,Consumer Durables
GREENPLY,06-MAR-1996,Plywood Boards/ Laminates,Consumer Durables,Consumer Discretionary,Consumer Durables
GREENPOWER,08-OCT-2010,Power Generation,Power,Utilities,Power
GRINDWELL,11-SEP-2006,Abrasives & Bearings,Capital Goods,Industrials,Industrial Products
GRINFRA,19-JUL-2021,Civil Construction,Construction,Industrials,Construction
GRMOVER,07-SEP-2022,Other Agricultural Products,Fast Moving Consumer Goods,Fast Moving Consumer Goods,Agricultural Food & other Products
GROBTEA,14-JUL-2016,Tea & Coffee,Fast Moving Consumer Goods,Fast Moving Consumer Goods,Agricultural Food & other Products
GROWW,12-NOV-2025,Stockbroking & Allied,Financial Services,Financial Services,Capital Markets
GRPLTD,12-FEB-2015,Rubber,Capital Goods,Industrials,Industrial Products
GRSE,10-OCT-2018,Aerospace & Defense,Capital Goods,Industrials,Aerospace & Defense
GRWRHITECH,03-FEB-2022,Plastic Products - Industrial,Capital Goods,Industrials,Industrial Products
GSFC,06-SEP-1995,Fertilizers,Chemicals,Commodities,Fertilizers & Agrochemicals
GSLSU,23-MAR-2023,Granites & Marbles,Consumer Durables,Consumer Discretionary,Consumer Durables
GSPCROP,24-MAR-2026,Pesticides & Agrochemicals,Chemicals,Commodities,Fertilizers & Agrochemicals
GSPLTRANS,30-SEP-2026,,,,
GSS,07-MAR-2008,IT Enabled Services,Information Technology,Information Technology,IT - Services
GTECJAINX,13-NOV-2020,E-Learning,Consumer Services,Consumer Discretionary,Other Consumer Services
GTL,29-MAR-1995,Other Telecom Services,Telecommunication,Telecommunication,Telecom - Services
GTLINFRA,09-NOV-2006,Telecom - Infrastructure,Telecommunication,Telecommunication,Telecom - Services
GTPL,04-JUL-2017,TV Broadcasting & Software Production,"Media, Entertainment & Publication",Consumer Discretionary,Entertainment
GUFICBIO,19-OCT-2004,Pharmaceuticals,Healthcare,Healthcare,Pharmaceuticals & Biotechnology
GUJALKALI,07-AUG-1997,Commodity Chemicals,Chemicals,Commodities,Chemicals & Petrochemicals
GUJAPOLLO,04-JUN-2007,Industrial Products,Capital Goods,Industrials,Industrial Manufacturing
GUJENERGY,15-SEP-2015,LPG/CNG/PNG/LNG Supplier,"Oil, Gas & Consumable Fuels",Energy,Gas
GUJRAFFIA,09-OCT-1996,Packaging,Capital Goods,Industrials,Industrial Products
GUJTHEM,25-FEB-2025,Pharmaceuticals,Healthcare,Healthcare,Pharmaceuticals & Biotechnology
GULFOILLUB,31-JUL-2014,Lubricants,"Oil, Gas & Consumable Fuels",Energy,Petroleum Products
GULFPETRO,24-SEP-2004,Lubricants,"Oil, Gas & Consumable Fuels",Energy,Petroleum Products
GULPOLY,28-JAN-2015,Other Agricultural Products,Fast Moving Consumer Goods,Fast Moving Consumer Goods,Agricultural Food & other Products
GVKPIL,27-FEB-2006,Power Generation,Power,Utilities,Power
GVPIL,19-APR-2000,Heavy Electrical Equipment,Capital Goods,Industrials,Electrical Equipment
GVPTECH,06-SEP-2022,Computers - Software & Consulting,Information Technology,Information Technology,IT - Software
GVT&D,30-JUN-2008,Heavy Electrical Equipment,Capital Goods,Industrials,Electrical Equipment
GYFTR,10-JUL-2026,Other Financial Services,Financial Services,Financial Services,Finance
HAL,28-MAR-2018,Aerospace & Defense,Capital Goods,Industrials,Aerospace & Defense
HALDER,19-JAN-2026,Other Agricultural Products,Fast Moving Consumer Goods,Fast Moving Consumer Goods,Agricultural Food & other Products
HALDYNGL,20-APR-2026,Packaging,Capital Goods,Industrials,Industrial Products
HALEOSLABS,17-AUG-2017,Pharmaceuticals,Healthcare,Healthcare,Pharmaceuticals & Biotechnology
HAMPTON,17-AUG-2026,"Residential, Commercial Projects",Realty,Consumer Discretionary,Realty
HAPPSTMNDS,17-SEP-2020,Computers - Software & Consulting,Information Technology,Information Technology,IT - Software
HAPPYFORGE,27-DEC-2023,Castings & Forgings,Capital Goods,Industrials,Industrial Products
HARDWYN,12-APR-2022,"Furniture, Home Furnishing",Consumer Durables,Consumer Discretionary,Consumer Durables
HARIOMPIPE,13-APR-2022,Iron & Steel Products,Capital Goods,Industrials,Industrial Products
HARRMALAYA,08-FEB-1995,Rubber,Capital Goods,Industrials,Industrial Products
HARSHA,26-SEP-2022,Other Industrial Products,Capital Goods,Industrials,Industrial Products
HATHWAY,25-FEB-2010,TV Broadcasting & Software Production,"Media, Entertainment & Publication",Consumer Discretionary,Entertainment
HATSUN,20-JUN-2014,Dairy Products,Fast Moving Consumer Goods,Fast Moving Consumer Goods,Food Products
HAVELLS,21-MAR-2001,Consumer Electronics,Consumer Durables,Consumer Discretionary,Consumer Durables
HAVISHA,16-FEB-2000,Hotels & Resorts,Consumer Services,Consumer Discretionary,Leisure Services
HAWKINCOOK,20-APR-2026,Houseware,Consumer Durables,Consumer Discretionary,Consumer Durables
HAZOOR,17-AUG-2026,Civil Construction,Construction,Industrials,Construction
HBESD,20-APR-2026,"Residential, Commercial Projects",Realty,Consumer Discretionary,Realty
HBLENGINE,04-JAN-2007,Other Industrial Products,Capital Goods,Industrials,Industrial Products
HBPOR,17-AUG-2026,Other Financial Services,Financial Services,Financial Services,Finance
HBSL,23-JUL-2018,Non Banking Financial Company (NBFC),Financial Services,Financial Services,Finance
HCC,01-APR-2003,Civil Construction,Construction,Industrials,Construction
HCG,30-MAR-2016,Hospital,Healthcare,Healthcare,Healthcare Services
HCL-INSYS,01-JAN-1997,Computers Hardware & Equipments,Information Technology,Information Technology,IT - Hardware
HCLTECH,06-JAN-2000,Computers - Software & Consulting,Information Technology,Information Technology,IT - Software
HDBFS,02-JUL-2025,Non Banking Financial Company (NBFC),Financial Services,Financial Services,Finance
HDFCAMC,06-AUG-2018,Asset Management Company,Financial Services,Financial Services,Capital Markets
HDFCBANK,08-NOV-1995,Private Sector Bank,Financial Services,Financial Services,Banks
HDFCLIFE,17-NOV-2017,Life Insurance,Financial Services,Financial Services,Insurance
HDIL,24-JUL-2007,"Residential, Commercial Projects",Realty,Consumer Discretionary,Realty
HEADSUP,14-DEC-2016,Trading - Textile Products,Textiles,Consumer Discretionary,Textiles & Apparels
HEALTHX,05-OCT-2010,Healthcare Service Provider,Healthcare,Healthcare,Healthcare Services
HECPROJECT,30-DEC-2021,Civil Construction,Construction,Industrials,Construction
HEGAM,10-MAY-1995,Electrodes & Refractories,Capital Goods,Industrials,Industrial Products
HEIDELBERG,15-MAR-1995,Cement & Cement Products,Construction Materials,Commodities,Cement & Cement Products
HEMIPROP,22-OCT-2020,Diversified Commercial Services,Services,Services,Commercial Services & Supplies
HERANBA,05-MAR-2021,Pesticides & Agrochemicals,Chemicals,Commodities,Fertilizers & Agrochemicals
HERITGFOOD,27-NOV-1996,Dairy Products,Fast Moving Consumer Goods,Fast Moving Consumer Goods,Food Products
HEROMOTOCO,11-APR-2003,2/3 Wheelers,Automobile and Auto Components,Consumer Discretionary,Automobiles
HEROMOTORS,23-SEP-2026,Auto Components & Equipments,Automobile and Auto Components,Consumer Discretionary,Auto Components
HESTERBIO,13-MAR-2015,Pharmaceuticals,Healthcare,Healthcare,Pharmaceuticals & Biotechnology
HEXAGON,12-JUN-2026,Packaged Foods,Fast Moving Consumer Goods,Fast Moving Consumer Goods,Food Products
HEXATRADEX,20-APR-2012,Investment Company,Financial Services,Financial Services,Finance
HEXT,19-FEB-2025,Computers - Software & Consulting,Information Technology,Information Technology,IT - Software
HFCL,09-MAR-2011,Telecom - Infrastructure,Telecommunication,Telecommunication,Telecom - Services
HGINFRA,09-MAR-2018,Civil Construction,Construction,Industrials,Construction
HGM,27-SEP-2006,IT Enabled Services,Information Technology,Information Technology,IT - Services
HGS,19-JUN-2007,Business Process Outsourcing (BPO)/ Knowledge Process Outsourcing (KPO),Services,Services,Commercial Services & Supplies
HIKAL,14-FEB-2001,Pharmaceuticals,Healthcare,Healthcare,Pharmaceuticals & Biotechnology
HILINFRA,12-AUG-2025,"Road AssetsToll, Annuity, Hybrid-Annuity",Services,Services,Transport Infrastructure
HILTON,24-MAY-2007,Castings & Forgings,Capital Goods,Industrials,Industrial Products
HIMATSEIDE,08-FEB-1995,Other Textile Products,Textiles,Consumer Discretionary,Textiles & Apparels
HINDADH,17-AUG-2026,Plastic Products - Industrial,Capital Goods,Industrials,Industrial Products
HINDALCO,08-JAN-1997,Aluminium,Metals & Mining,Commodities,Non - Ferrous Metals
HINDALUMI,17-AUG-2026,Aluminium,Metals & Mining,Commodities,Non - Ferrous Metals
HINDCOMPOS,08-MAY-1996,Auto Components & Equipments,Automobile and Auto Components,Consumer Discretionary,Auto Components
HINDCON,05-JUL-2021,Specialty Chemicals,Chemicals,Commodities,Chemicals & Petrochemicals
HINDCOPPER,15-SEP-2010,Copper,Metals & Mining,Commodities,Non - Ferrous Metals
HINDOILEXP,23-SEP-2003,Oil Exploration & Production,"Oil, Gas & Consumable Fuels",Energy,Oil
HINDPETRO,17-JUN-1998,Refineries & Marketing,"Oil, Gas & Consumable Fuels",Energy,Petroleum Products
HINDUNILVR,06-JUL-1995,Diversified FMCG,Fast Moving Consumer Goods,Fast Moving Consumer Goods,Diversified FMCG
HINDWAREAP,26-DEC-2019,Sanitary Ware,Consumer Durables,Consumer Discretionary,Consumer Durables
HINDZINC,21-NOV-2006,Zinc,Metals & Mining,Commodities,Non - Ferrous Metals
HIRECT,26-DEC-2006,Industrial Products,Capital Goods,Industrials,Industrial Manufacturing
HISARMETAL,05-JAN-2017,Iron & Steel Products,Capital Goods,Industrials,Industrial Products
HITECH,07-MAY-2018,Iron & Steel Products,Capital Goods,Industrials,Industrial Products
HITECHCORP,20-DEC-2007,Packaging,Capital Goods,Industrials,Industrial Products
HITECHGEAR,21-JAN-2002,Auto Components & Equipments,Automobile and Auto Components,Consumer Discretionary,Auto Components
HLEGLAS,09-FEB-2023,Industrial Products,Capital Goods,Industrials,Industrial Manufacturing
HLVLTD,19-JUL-1995,Hotels & Resorts,Consumer Services,Consumer Discretionary,Leisure Services
HMAAGRO,04-JUL-2023,Meat Products including Poultry,Fast Moving Consumer Goods,Fast Moving Consumer Goods,Food Products
HMT,29-AUG-2003,Industrial Products,Capital Goods,Industrials,Industrial Manufacturing
HMVL,21-JUL-2010,Print Media,"Media, Entertainment & Publication",Consumer Discretionary,Media
HNDFDS,06-JUN-2023,Diversified FMCG,Fast Moving Consumer Goods,Fast Moving Consumer Goods,Diversified FMCG
HOMEFIRST,03-FEB-2021,Housing Finance Company,Financial Services,Financial Services,Finance
HONASA,07-NOV-2023,Personal Care,Fast Moving Consumer Goods,Fast Moving Consumer Goods,Personal Products
HONAUT,18-JUL-2003,Industrial Products,Capital Goods,Industrials,Industrial Manufacturing
HONDAPOWER,01-APR-2003,Industrial Products,Capital Goods,Industrials,Industrial Manufacturing
HORIZONIND,24-AUG-2026,"Residential, Commercial Projects",Realty,Consumer Discretionary,Realty
HPAL,27-DEC-2021,Specialty Chemicals,Chemicals,Commodities,Chemicals & Petrochemicals
HPIL,07-NOV-2022,Dyes And Pigments,Chemicals,Commodities,Chemicals & Petrochemicals
HPL,04-OCT-2016,Industrial Products,Capital Goods,Industrials,Industrial Manufacturing
HRYNSHP,17-AUG-2026,Ship Building & Allied Services,Capital Goods,Industrials,Industrial Manufacturing
HSCL,02-MAR-2007,Carbon Black,Chemicals,Commodities,Chemicals & Petrochemicals
HTEL,01-SEP-2026,Other Industrial Products,Capital Goods,Industrials,Industrial Products
HTMEDIA,01-SEP-2005,Print Media,"Media, Entertainment & Publication",Consumer Discretionary,Media
HUBTOWN,07-FEB-2007,"Residential, Commercial Projects",Realty,Consumer Discretionary,Realty
HUDCO,19-MAY-2017,Financial Institution,Financial Services,Financial Services,Finance
HUHTAMAKI,01-OCT-2004,Packaging,Capital Goods,Industrials,Industrial Products
HYBRIDFIN,05-DEC-2022,Stockbroking & Allied,Financial Services,Financial Services,Capital Markets
HYUNDAI,22-OCT-2024,Passenger Cars & Utility Vehicles,Automobile and Auto Components,Consumer Discretionary,Automobiles
IBULLSLTD,18-AUG-2011,Diversified Commercial Services,Services,Services,Commercial Services & Supplies
ICDSLTD,17-NOV-1999,Diversified Commercial Services,Services,Services,Commercial Services & Supplies
ICEMAKE,12-OCT-2020,Industrial Products,Capital Goods,Industrials,Industrial Manufacturing
ICICIAMC,19-DEC-2025,Asset Management Company,Financial Services,Financial Services,Capital Markets
ICICIBANK,17-SEP-1997,Private Sector Bank,Financial Services,Financial Services,Banks
ICICIGI,27-SEP-2017,General Insurance,Financial Services,Financial Services,Insurance
ICICIPRULI,29-SEP-2016,Life Insurance,Financial Services,Financial Services,Insurance
ICIL,12-SEP-2005,Other Textile Products,Textiles,Consumer Discretionary,Textiles & Apparels
ICRA,13-APR-2007,Ratings,Financial Services,Financial Services,Capital Markets
IDBI,20-SEP-1995,Private Sector Bank,Financial Services,Financial Services,Banks
IDEA,09-MAR-2007,Telecom - Cellular & Fixed line services,Telecommunication,Telecommunication,Telecom - Services
IDEAFORGE,07-JUL-2023,Aerospace & Defense,Capital Goods,Industrials,Aerospace & Defense
IDFCFIRSTB,06-NOV-2015,Private Sector Bank,Financial Services,Financial Services,Banks
IEX,23-OCT-2017,Exchange and Data Platform,Financial Services,Financial Services,Capital Markets
IFBAGRO,03-APR-1996,Breweries & Distilleries,Fast Moving Consumer Goods,Fast Moving Consumer Goods,Beverages
IFBIND,29-MAR-1995,Household Appliances,Consumer Durables,Consumer Discretionary,Consumer Durables
IFCI,26-APR-1995,Financial Institution,Financial Services,Financial Services,Finance
IFGLEXPOR,14-NOV-2017,Electrodes & Refractories,Capital Goods,Industrials,Industrial Products
IGARASHI,09-OCT-2003,Auto Components & Equipments,Automobile and Auto Components,Consumer Discretionary,Auto Components
IGCL,03-JUL-2025,Pesticides & Agrochemicals,Chemicals,Commodities,Fertilizers & Agrochemicals
IGIL,20-DEC-2024,Diversified Commercial Services,Services,Services,Commercial Services & Supplies
IGL,26-DEC-2003,LPG/CNG/PNG/LNG Supplier,"Oil, Gas & Consumable Fuels",Energy,Gas
IGPL,29-JAN-2007,Commodity Chemicals,Chemicals,Commodities,Chemicals & Petrochemicals
IIFL,17-MAY-2005,Non Banking Financial Company (NBFC),Financial Services,Financial Services,Finance
IIFLCAPS,20-SEP-2019,Stockbroking & Allied,Financial Services,Financial Services,Capital Markets
IITL,17-AUG-2010,Investment Company,Financial Services,Financial Services,Finance
IKIO,16-JUN-2023,Consumer Electronics,Consumer Durables,Consumer Discretionary,Consumer Durables
IKS,19-DEC-2024,IT Enabled Services,Information Technology,Information Technology,IT - Services
IL&FSENGG,25-OCT-2007,Civil Construction,Construction,Industrials,Construction
IL&FSTRANS,30-MAR-2010,Civil Construction,Construction,Industrials,Construction
IMAGICAA,06-APR-2015,Amusement Parks/ Other Recreation,Consumer Services,Consumer Discretionary,Leisure Services
IMFA,23-JUL-2010,Ferro & Silica Manganese,Metals & Mining,Commodities,Ferrous Metals
IMPAL,07-OCT-2005,Trading - Auto components,Automobile and Auto Components,Consumer Discretionary,Auto Components
IMPEXFERRO,03-FEB-2005,Ferro & Silica Manganese,Metals & Mining,Commodities,Ferrous Metals
INA,09-MAR-2026,Power Generation,Power,Utilities,Power
INCREDIBLE,01-JUL-2016,Iron & Steel Products,Capital Goods,Industrials,Industrial Products
INDBANK,08-OCT-2008,Stockbroking & Allied,Financial Services,Financial Services,Capital Markets
INDGN,13-MAY-2024,"Healthcare Research, Analytics & Technology",Healthcare,Healthcare,Healthcare Services
INDHOTEL,03-JUL-1996,Hotels & Resorts,Consumer Services,Consumer Discretionary,Leisure Services
INDIACEM,31-MAY-2000,Cement & Cement Products,Construction Materials,Commodities,Cement & Cement Products
INDIAGLYCO,01-JUL-2005,Breweries & Distilleries,Fast Moving Consumer Goods,Fast Moving Consumer Goods,Beverages
INDIAMART,04-JUL-2019,Internet & Catalogue Retail,Consumer Services,Consumer Discretionary,Retailing
INDIANB,01-MAR-2007,Public Sector Bank,Financial Services,Financial Services,Banks
INDIANCARD,08-JAN-1997,Other Textile Products,Textiles,Consumer Discretionary,Textiles & Apparels
INDIANHUME,30-AUG-1995,Civil Construction,Construction,Industrials,Construction
INDIASHLTR,20-DEC-2023,Housing Finance Company,Financial Services,Financial Services,Finance
INDIGO,10-NOV-2015,Airline,Services,Services,Transport Services
INDIGOPNTS,02-FEB-2021,Paints,Consumer Durables,Consumer Discretionary,Consumer Durables
INDIQUBE,30-JUL-2025,Diversified Commercial Services,Services,Services,Commercial Services & Supplies
INDNIPPON,07-MAY-1997,Auto Components & Equipments,Automobile and Auto Components,Consumer Discretionary,Auto Components
INDOAMIN,29-APR-2022,Specialty Chemicals,Chemicals,Commodities,Chemicals & Petrochemicals
INDOBORAX,29-MAR-2022,Commodity Chemicals,Chemicals,Commodities,Chemicals & Petrochemicals
INDOCO,14-JAN-2005,Pharmaceuticals,Healthcare,Healthcare,Pharmaceuticals & Biotechnology
INDOFARM,07-JAN-2025,Construction Vehicles,Capital Goods,Industrials,"Agricultural, Commercial & Construction Vehicles"
INDOKEM,17-AUG-2026,Specialty Chemicals,Chemicals,Commodities,Chemicals & Petrochemicals
INDOMIM,30-JUL-2026,Industrial Products,Capital Goods,Industrials,Industrial Manufacturing
INDORAMA,20-JUN-2003,Other Textile Products,Textiles,Consumer Discretionary,Textiles & Apparels
INDOSTAR,21-MAY-2018,Non Banking Financial Company (NBFC),Financial Services,Financial Services,Finance
INDOTECH,16-MAR-2006,Heavy Electrical Equipment,Capital Goods,Industrials,Electrical Equipment
INDOTHAI,02-NOV-2011,Stockbroking & Allied,Financial Services,Financial Services,Capital Markets
INDOUS,27-SEP-2024,Other Agricultural Products,Fast Moving Consumer Goods,Fast Moving Consumer Goods,Agricultural Food & other Products
INDOWIND,14-SEP-2007,Power Generation,Power,Utilities,Power
INDPRUD,20-APR-2026,Investment Company,Financial Services,Financial Services,Finance
INDRAMEDCO,17-APR-1997,Hospital,Healthcare,Healthcare,Healthcare Services
INDSWFTLAB,02-JUL-1997,Pharmaceuticals,Healthcare,Healthcare,Pharmaceuticals & Biotechnology
INDTERRAIN,11-MAR-2011,Garments & Apparels,Textiles,Consumer Discretionary,Textiles & Apparels
INDUSINDBK,28-JAN-1998,Private Sector Bank,Financial Services,Financial Services,Banks
INDUSTOWER,28-DEC-2012,Telecom - Infrastructure,Telecommunication,Telecommunication,Telecom - Services
INFOBEAN,15-JUL-2019,Computers - Software & Consulting,Information Technology,Information Technology,IT - Software
INFOMEDIA,12-OCT-2006,Printing & Publication,"Media, Entertainment & Publication",Consumer Discretionary,Printing & Publication
INFY,08-FEB-1995,Computers - Software & Consulting,Information Technology,Information Technology,IT - Software
INGERRAND,15-APR-1999,"Compressors, Pumps & Diesel Engines",Capital Goods,Industrials,Industrial Products
INNOVACAP,29-DEC-2023,Pharmaceuticals,Healthcare,Healthcare,Pharmaceuticals & Biotechnology
INNOVANA,17-DEC-2024,Computers - Software & Consulting,Information Technology,Information Technology,IT - Software
INNOVISION,23-MAR-2026,"Road AssetsToll, Annuity, Hybrid-Annuity",Services,Services,Transport Infrastructure
INOXGREEN,23-NOV-2022,Diversified Commercial Services,Services,Services,Commercial Services & Supplies
INOXINDIA,21-DEC-2023,Other Industrial Products,Capital Goods,Industrials,Industrial Products
INOXWIND,09-APR-2015,Heavy Electrical Equipment,Capital Goods,Industrials,Electrical Equipment
INSECTICID,30-MAY-2007,Pesticides & Agrochemicals,Chemicals,Commodities,Fertilizers & Agrochemicals
INSPIRISYS,30-OCT-2006,IT Enabled Services,Information Technology,Information Technology,IT - Services
INTELLECT,18-DEC-2014,Computers - Software & Consulting,Information Technology,Information Technology,IT - Software
INTENTECH,23-MAR-2017,IT Enabled Services,Information Technology,Information Technology,IT - Services
INTERARCH,26-AUG-2024,Civil Construction,Construction,Industrials,Construction
INTLCONV,16-SEP-2021,Industrial Products,Capital Goods,Industrials,Industrial Manufacturing
INVENTURE,04-AUG-2011,Stockbroking & Allied,Financial Services,Financial Services,Capital Markets
INVPRECQ,20-APR-2026,Castings & Forgings,Capital Goods,Industrials,Industrial Products
IOB,07-DEC-2000,Public Sector Bank,Financial Services,Financial Services,Banks
IOC,24-JUL-1996,Refineries & Marketing,"Oil, Gas & Consumable Fuels",Energy,Petroleum Products
IOLCP,08-NOV-2010,Pharmaceuticals,Healthcare,Healthcare,Pharmaceuticals & Biotechnology
IONEXCHANG,22-FEB-2022,Water Supply & Management,Utilities,Utilities,Other Utilities
IPCALAB,08-FEB-1995,Pharmaceuticals,Healthcare,Healthcare,Pharmaceuticals & Biotechnology
IPL,05-JUL-2021,Pesticides & Agrochemicals,Chemicals,Commodities,Fertilizers & Agrochemicals
IPRINGLTD,17-AUG-2026,Auto Components & Equipments,Automobile and Auto Components,Consumer Discretionary,Auto Components
IRB,25-FEB-2008,Civil Construction,Construction,Industrials,Construction
IRCON,28-SEP-2018,Civil Construction,Construction,Industrials,Construction
IRCTC,14-OCT-2019,"Tour, Travel Related Services",Consumer Services,Consumer Discretionary,Leisure Services
IREDA,29-NOV-2023,Financial Institution,Financial Services,Financial Services,Finance
IRFC,29-JAN-2021,Financial Institution,Financial Services,Financial Services,Finance
IRIS,08-NOV-2021,Software Products,Information Technology,Information Technology,IT - Software
IRISDOREME,22-FEB-2021,Garments & Apparels,Textiles,Consumer Discretionary,Textiles & Apparels
IRMENERGY,26-OCT-2023,LPG/CNG/PNG/LNG Supplier,"Oil, Gas & Consumable Fuels",Energy,Gas
ISFT,12-APR-2010,E-Retail/ E-Commerce,Consumer Services,Consumer Discretionary,Retailing
ISGEC,05-MAY-2021,Civil Construction,Construction,Industrials,Construction
ISHANCH,24-MAR-2025,Specialty Chemicals,Chemicals,Commodities,Chemicals & Petrochemicals
ISTLTD,17-AUG-2026,Auto Components & Equipments,Automobile and Auto Components,Consumer Discretionary,Auto Components
ITC,23-AUG-1995,Diversified FMCG,Fast Moving Consumer Goods,Fast Moving Consumer Goods,Diversified FMCG
ITCHOTELS,29-JAN-2025,Hotels & Resorts,Consumer Services,Consumer Discretionary,Leisure Services
ITDC,30-DEC-2016,Hotels & Resorts,Consumer Services,Consumer Discretionary,Leisure Services
ITI,15-SEP-2003,Telecom - Equipment & Accessories,Telecommunication,Telecommunication,Telecom - Equipment & Accessories
ITL,17-AUG-2026,Industrial Products,Capital Goods,Industrials,Industrial Manufacturing
IVALUE,25-SEP-2025,IT Enabled Services,Information Technology,Information Technology,IT - Services
IVC,15-SEP-1999,Asset Management Company,Financial Services,Financial Services,Capital Markets
IVP,13-SEP-1995,Specialty Chemicals,Chemicals,Commodities,Chemicals & Petrochemicals
IWP,20-APR-2026,Forest Products,Forest Materials,Commodities,"Paper, Forest & Jute Products"
IXIGO,18-JUN-2024,"Tour, Travel Related Services",Consumer Services,Consumer Discretionary,Leisure Services
IZMO,05-FEB-2007,IT Enabled Services,Information Technology,Information Technology,IT - Services
J&KBANK,22-JUL-1998,Private Sector Bank,Financial Services,Financial Services,Banks
JAGRAN,22-FEB-2006,Print Media,"Media, Entertainment & Publication",Consumer Discretionary,Media
JAGSNPHARM,01-MAR-2000,Pharmaceuticals,Healthcare,Healthcare,Pharmaceuticals & Biotechnology
JAIBALAJI,09-DEC-2003,Iron & Steel,Metals & Mining,Commodities,Ferrous Metals
JAICORPLTD,26-NOV-1997,Plastic Products - Industrial,Capital Goods,Industrials,Industrial Products
JAINREC,01-OCT-2025,Diversified Metals,Metals & Mining,Commodities,Diversified Metals
JAIPURKURT,02-SEP-2021,Garments & Apparels,Textiles,Consumer Discretionary,Textiles & Apparels
JAMNAAUTO,10-DEC-2010,Auto Components & Equipments,Automobile and Auto Components,Consumer Discretionary,Auto Components
JARO,30-SEP-2025,E-Learning,Consumer Services,Consumer Discretionary,Other Consumer Services
JASH,30-OCT-2019,Industrial Products,Capital Goods,Industrials,Industrial Manufacturing
JAYAGROGN,17-APR-1996,Specialty Chemicals,Chemicals,Commodities,Chemicals & Petrochemicals
JAYBARMARU,03-JAN-1996,Auto Components & Equipments,Automobile and Auto Components,Consumer Discretionary,Auto Components
JAYKAY,03-DEC-2025,Aerospace & Defense,Capital Goods,Industrials,Aerospace & Defense
JAYNECOIND,10-MAY-1995,Iron & Steel Products,Capital Goods,Industrials,Industrial Products
JAYSREETEA,15-FEB-1995,Tea & Coffee,Fast Moving Consumer Goods,Fast Moving Consumer Goods,Agricultural Food & other Products
JBMA,17-DEC-2004,Auto Components & Equipments,Automobile and Auto Components,Consumer Discretionary,Auto Components
JENBURPH,17-AUG-2026,Pharmaceuticals,Healthcare,Healthcare,Pharmaceuticals & Biotechnology
JETFREIGHT,21-DEC-2021,Logistics Solution Provider,Services,Services,Transport Services
JGCHEM,13-MAR-2024,Commodity Chemicals,Chemicals,Commodities,Chemicals & Petrochemicals
JHS,21-OCT-2006,Personal Care,Fast Moving Consumer Goods,Fast Moving Consumer Goods,Personal Products
JINDALPHOT,07-APR-2005,Investment Company,Financial Services,Financial Services,Finance
JINDALPOLY,21-JAN-2002,Packaging,Capital Goods,Industrials,Industrial Products
JINDALSAW,29-APR-2003,Iron & Steel Products,Capital Goods,Industrials,Industrial Products
JINDALSTEL,29-DEC-1999,Iron & Steel,Metals & Mining,Commodities,Ferrous Metals
JINDRILL,22-DEC-2006,Offshore Support Solution Drilling,"Oil, Gas & Consumable Fuels",Energy,Oil
JINDWORLD,25-NOV-2010,Other Textile Products,Textiles,Consumer Discretionary,Textiles & Apparels
JIOFIN,21-AUG-2023,Investment Company,Financial Services,Financial Services,Finance
JISLDVREQS,30-NOV-2011,Plastic Products - Industrial,Capital Goods,Industrials,Industrial Products
JISLJALEQS,13-AUG-2001,Plastic Products - Industrial,Capital Goods,Industrials,Industrial Products
JITFINFRA,27-FEB-2017,Water Supply & Management,Utilities,Utilities,Other Utilities
JKCEMENT,14-MAR-2006,Cement & Cement Products,Construction Materials,Commodities,Cement & Cement Products
JKIL,12-FEB-2008,Civil Construction,Construction,Industrials,Construction
JKIPL,03-OCT-2025,"Dealers-Commercial Vehicles, Tractors, Construction Vehicles",Capital Goods,Industrials,"Agricultural, Commercial & Construction Vehicles"
JKLAKSHMI,19-JUN-2006,Cement & Cement Products,Construction Materials,Commodities,Cement & Cement Products
JKPAPER,16-JUN-2005,Paper & Paper Products,Forest Materials,Commodities,"Paper, Forest & Jute Products"
JKTYRE,19-MAR-2007,Tyres & Rubber Products,Automobile and Auto Components,Consumer Discretionary,Auto Components
JLHL,18-SEP-2023,Hospital,Healthcare,Healthcare,Healthcare Services
JMA,16-MAR-2015,Trading - Auto components,Automobile and Auto Components,Consumer Discretionary,Auto Components
JMFINANCIL,10-OCT-2006,Holding Company,Financial Services,Financial Services,Finance
JNKINDIA,30-APR-2024,Industrial Products,Capital Goods,Industrials,Industrial Manufacturing
JNPR,06-AUG-2026,Power Generation,Power,Utilities,Power
JOCIL,08-OCT-2008,Commodity Chemicals,Chemicals,Commodities,Chemicals & Petrochemicals
JPOLYINVST,11-NOV-2013,Investment Company,Financial Services,Financial Services,Finance
JPPOWER,18-APR-2005,Power Generation,Power,Utilities,Power
JSFB,14-FEB-2024,Other Bank,Financial Services,Financial Services,Banks
JSIPL,23-SEP-2026,Iron & Steel Products,Capital Goods,Industrials,Industrial Products
JSL,17-NOV-2003,Iron & Steel,Metals & Mining,Commodities,Ferrous Metals
JSLL,11-AUG-2025,Wellness,Consumer Services,Consumer Discretionary,Leisure Services
JSWCEMENT,14-AUG-2025,Cement & Cement Products,Construction Materials,Commodities,Cement & Cement Products
JSWDULUX,28-JUN-2001,Paints,Consumer Durables,Consumer Discretionary,Consumer Durables
JSWENERGY,04-JAN-2010,Power Generation,Power,Utilities,Power
JSWHL,21-JUN-2005,Investment Company,Financial Services,Financial Services,Finance
JSWINFRA,03-OCT-2023,Port & Port services,Services,Services,Transport Infrastructure
JSWSTEEL,23-MAR-2005,Iron & Steel,Metals & Mining,Commodities,Ferrous Metals
JTEKTINDIA,12-JAN-2004,Auto Components & Equipments,Automobile and Auto Components,Consumer Discretionary,Auto Components
JTLIND,12-JUN-2023,Iron & Steel Products,Capital Goods,Industrials,Industrial Products
JUBLCPL,14-FEB-2025,Specialty Chemicals,Chemicals,Commodities,Chemicals & Petrochemicals
JUBLFOOD,08-FEB-2010,Restaurants,Consumer Services,Consumer Discretionary,Leisure Services
JUBLINGREA,19-MAR-2021,Specialty Chemicals,Chemicals,Commodities,Chemicals & Petrochemicals
JUBLPHARMA,16-JUN-2003,Pharmaceuticals,Healthcare,Healthcare,Pharmaceuticals & Biotechnology
JUNIPER,28-FEB-2024,Hotels & Resorts,Consumer Services,Consumer Discretionary,Leisure Services
JUSTDIAL,05-JUN-2013,Internet & Catalogue Retail,Consumer Services,Consumer Discretionary,Retailing
JWL,18-OCT-2010,Railway Wagons,Capital Goods,Industrials,Industrial Manufacturing
JYOTHYLAB,19-DEC-2007,Household Products,Fast Moving Consumer Goods,Fast Moving Consumer Goods,Household Products
JYOTICNC,16-JAN-2024,Industrial Products,Capital Goods,Industrials,Industrial Manufacturing
JYOTIRES,17-AUG-2026,Specialty Chemicals,Chemicals,Commodities,Chemicals & Petrochemicals
JYOTISTRUC,19-JUL-1995,Heavy Electrical Equipment,Capital Goods,Industrials,Electrical Equipment
KABRAEXTRU,06-SEP-1995,Industrial Products,Capital Goods,Industrials,Industrial Manufacturing
KAJARIACER,01-JUN-2004,Ceramics,Consumer Durables,Consumer Discretionary,Consumer Durables
KAKATCEM,13-DEC-1995,Cement & Cement Products,Construction Materials,Commodities,Cement & Cement Products
KALAMANDIR,27-SEP-2023,Speciality Retail,Consumer Services,Consumer Discretionary,Retailing
KALPATARU,01-JUL-2025,"Residential, Commercial Projects",Realty,Consumer Discretionary,Realty
KALYANI,13-FEB-2017,"Dealers-Commercial Vehicles, Tractors, Construction Vehicles",Capital Goods,Industrials,"Agricultural, Commercial & Construction Vehicles"
KALYANIFRG,20-DEC-2007,Castings & Forgings,Capital Goods,Industrials,Industrial Products
KALYANKJIL,26-MAR-2021,"Gems, Jewellery And Watches",Consumer Durables,Consumer Discretionary,Consumer Durables
KAMAHOLD,20-APR-2026,Holding Company,Financial Services,Financial Services,Finance
KAMANWALA,17-AUG-2026,"Residential, Commercial Projects",Realty,Consumer Discretionary,Realty
KAMATHOTEL,29-MAY-1996,Hotels & Resorts,Consumer Services,Consumer Discretionary,Leisure Services
KAMDHENU,09-MAY-2006,Iron & Steel Products,Capital Goods,Industrials,Industrial Products
KAMOPAINTS,24-JAN-2023,Paints,Consumer Durables,Consumer Discretionary,Consumer Durables
KANANIIND,14-DEC-2011,"Gems, Jewellery And Watches",Consumer Durables,Consumer Discretionary,Consumer Durables
KANCHI,20-APR-2026,Commodity Chemicals,Chemicals,Commodities,Chemicals & Petrochemicals
KANCOTEA,17-AUG-2026,Tea & Coffee,Fast Moving Consumer Goods,Fast Moving Consumer Goods,Agricultural Food & other Products
KANOHAR,16-SEP-2026,Heavy Electrical Equipment,Capital Goods,Industrials,Electrical Equipment
KANORICHEM,08-FEB-1995,Industrial Products,Capital Goods,Industrials,Industrial Manufacturing
KANPRPLA,01-JAN-2021,Packaging,Capital Goods,Industrials,Industrial Products
KANSAINER,15-SEP-2003,Paints,Consumer Durables,Consumer Discretionary,Consumer Durables
KAPSTON,27-MAY-2020,Diversified Commercial Services,Services,Services,Commercial Services & Supplies
KARAMTARA,17-SEP-2026,Heavy Electrical Equipment,Capital Goods,Industrials,Electrical Equipment
KARMAENG,28-JUN-2011,Power Generation,Power,Utilities,Power
KARURVYSYA,26-JUL-2000,Private Sector Bank,Financial Services,Financial Services,Banks
KAUSHALYA,14-DEC-2007,Hotels & Resorts,Consumer Services,Consumer Discretionary,Leisure Services
KAVDEFENCE,29-JAN-2008,Aerospace & Defense,Capital Goods,Industrials,Aerospace & Defense
KAYA,14-AUG-2015,Wellness,Consumer Services,Consumer Discretionary,Leisure Services
KAYNES,22-NOV-2022,Industrial Products,Capital Goods,Industrials,Industrial Manufacturing
KCP,09-APR-1997,Cement & Cement Products,Construction Materials,Commodities,Cement & Cement Products
KCPSUGIND,11-JUN-1997,Sugar,Fast Moving Consumer Goods,Fast Moving Consumer Goods,Agricultural Food & other Products
KDDL,23-MAR-2016,"Gems, Jewellery And Watches",Consumer Durables,Consumer Discretionary,Consumer Durables
KDGREEN,17-AUG-2026,"Gems, Jewellery And Watches",Consumer Durables,Consumer Discretionary,Consumer Durables
KEC,10-MAR-2006,Civil Construction,Construction,Industrials,Construction
KECL,09-MAR-2010,Other Electrical Equipment,Capital Goods,Industrials,Electrical Equipment
KEEPLEARN,01-MAR-1995,Education,Consumer Services,Consumer Discretionary,Other Consumer Services
KEI,23-MAR-2006,Cables - Electricals,Capital Goods,Industrials,Industrial Products
KELLTONTEC,02-MAR-2016,IT Enabled Services,Information Technology,Information Technology,IT - Services
KENNAMET,20-APR-2026,Industrial Products,Capital Goods,Industrials,Industrial Manufacturing
KERNEX,20-DEC-2005,Transport Related Services,Services,Services,Transport Services
KESORAMIND,06-SEP-1995,Cement & Cement Products,Construction Materials,Commodities,Cement & Cement Products
KEYFINSERV,26-JUN-1996,Stockbroking & Allied,Financial Services,Financial Services,Capital Markets
KFINTECH,29-DEC-2022,"Depositories, Clearing Houses and Other Intermediaries",Financial Services,Financial Services,Capital Markets
KHADIM,14-NOV-2017,Footwear,Consumer Durables,Consumer Discretionary,Consumer Durables
KHAICHEM,30-OCT-2020,Fertilizers,Chemicals,Commodities,Fertilizers & Agrochemicals
KHAITANLTD,20-DEC-1995,Consumer Electronics,Consumer Durables,Consumer Discretionary,Consumer Durables
KHANDSE,07-FEB-2001,Stockbroking & Allied,Financial Services,Financial Services,Capital Markets
KICL,14-JAN-2011,Investment Company,Financial Services,Financial Services,Finance
KILITCH,29-SEP-2010,Pharmaceuticals,Healthcare,Healthcare,Pharmaceuticals & Biotechnology
KIMS,28-JUN-2021,Hospital,Healthcare,Healthcare,Healthcare Services
KINGFA,15-NOV-2016,Plastic Products - Industrial,Capital Goods,Industrials,Industrial Products
KIOCL,29-NOV-2016,Sponge Iron,Metals & Mining,Commodities,Ferrous Metals
KIRANVYPAR,20-APR-2026,Non Banking Financial Company (NBFC),Financial Services,Financial Services,Finance
KIRIINDUS,22-APR-2008,Dyes And Pigments,Chemicals,Commodities,Chemicals & Petrochemicals
KIRLFER,20-APR-2026,Pig Iron,Metals & Mining,Commodities,Ferrous Metals
KIRLOSBROS,20-APR-2010,"Compressors, Pumps & Diesel Engines",Capital Goods,Industrials,Industrial Products
KIRLOSENG,24-DEC-2010,"Compressors, Pumps & Diesel Engines",Capital Goods,Industrials,Industrial Products
KIRLOSIND,24-JUN-2010,Iron & Steel Products,Capital Goods,Industrials,Industrial Products
KIRLPNU,26-APR-2023,"Compressors, Pumps & Diesel Engines",Capital Goods,Industrials,Industrial Products
KISSHT,08-MAY-2026,Other Financial Services,Financial Services,Financial Services,Finance
KITEX,25-SEP-2012,Garments & Apparels,Textiles,Consumer Discretionary,Textiles & Apparels
KJMCFIN,17-AUG-2026,Non Banking Financial Company (NBFC),Financial Services,Financial Services,Finance
KKCL,13-APR-2006,Garments & Apparels,Textiles,Consumer Discretionary,Textiles & Apparels
KLBRENG-B,20-APR-2026,Industrial Products,Capital Goods,Industrials,Industrial Manufacturing
KMCSHIL,17-AUG-2026,Hospital,Healthcare,Healthcare,Healthcare Services
KMEW,14-NOV-2024,Dredging,Services,Services,Engineering Services
KMSUGAR,31-MAY-2007,Sugar,Fast Moving Consumer Goods,Fast Moving Consumer Goods,Agricultural Food & other Products
KNACK,08-JUL-2026,Packaging,Capital Goods,Industrials,Industrial Products
KNAGRI,09-DEC-2025,Edible Oil,Fast Moving Consumer Goods,Fast Moving Consumer Goods,Agricultural Food & other Products
KNRCON,18-FEB-2008,Civil Construction,Construction,Industrials,Construction
KOHINOOR,20-OCT-1999,Other Agricultural Products,Fast Moving Consumer Goods,Fast Moving Consumer Goods,Agricultural Food & other Products
KOKUYOCMLN,28-JUL-2008,Stationary,Fast Moving Consumer Goods,Fast Moving Consumer Goods,Household Products
KOLTEPATIL,13-DEC-2007,"Residential, Commercial Projects",Realty,Consumer Discretionary,Realty
KOPRAN,09-JUN-1999,Pharmaceuticals,Healthcare,Healthcare,Pharmaceuticals & Biotechnology
KOTAKBANK,20-DEC-1995,Private Sector Bank,Financial Services,Financial Services,Banks
KOTARISUG,13-DEC-2004,Sugar,Fast Moving Consumer Goods,Fast Moving Consumer Goods,Agricultural Food & other Products
KOTHARIPET,02-NOV-1996,Petrochemicals,Chemicals,Commodities,Chemicals & Petrochemicals
KOTHARIPRO,03-JUN-1998,Trading & Distributors,Services,Services,Commercial Services & Supplies
KOTIC,20-APR-2026,Leather And Leather Products,Consumer Durables,Consumer Discretionary,Consumer Durables
KOTYARK,12-MAR-2026,Refineries & Marketing,"Oil, Gas & Consumable Fuels",Energy,Petroleum Products
KOVAI,20-APR-2026,Hospital,Healthcare,Healthcare,Healthcare Services
KPEL,14-NOV-2024,Power Generation,Power,Utilities,Power
KPIGREEN,27-JUL-2021,Power Generation,Power,Utilities,Power
KPIL,15-DEC-2000,Civil Construction,Construction,Industrials,Construction
KPITTECH,22-APR-2019,Computers - Software & Consulting,Information Technology,Information Technology,IT - Software
KPL,20-APR-2026,Pharmaceuticals,Healthcare,Healthcare,Pharmaceuticals & Biotechnology
KPRMILL,28-AUG-2007,Other Textile Products,Textiles,Consumer Discretionary,Textiles & Apparels
KRBL,21-JAN-2002,Other Agricultural Products,Fast Moving Consumer Goods,Fast Moving Consumer Goods,Agricultural Food & other Products
KREBSBIO,03-JAN-1996,Pharmaceuticals,Healthcare,Healthcare,Pharmaceuticals & Biotechnology
KRIDHANINF,11-DEC-2015,Civil Construction,Construction,Industrials,Construction
KRISHANA,22-AUG-2019,Fertilizers,Chemicals,Commodities,Fertilizers & Agrochemicals
KRISHIVAL,20-JUN-2025,Other Food Products,Fast Moving Consumer Goods,Fast Moving Consumer Goods,Food Products
KRISHNADEF,30-DEC-2025,Aerospace & Defense,Capital Goods,Industrials,Aerospace & Defense
KRITI,01-NOV-2021,Plastic Products - Industrial,Capital Goods,Industrials,Industrial Products
KRITIKA,04-MAY-2022,Iron & Steel Products,Capital Goods,Industrials,Industrial Products
KRITINUT,07-OCT-2022,Edible Oil,Fast Moving Consumer Goods,Fast Moving Consumer Goods,Agricultural Food & other Products
KRN,03-OCT-2024,Other Industrial Products,Capital Goods,Industrials,Industrial Products
KRONOX,10-JUN-2024,Specialty Chemicals,Chemicals,Commodities,Chemicals & Petrochemicals
KROSS,16-SEP-2024,Auto Components & Equipments,Automobile and Auto Components,Consumer Discretionary,Auto Components
KRSNAA,16-AUG-2021,Healthcare Service Provider,Healthcare,Healthcare,Healthcare Services
KRYSTAL,21-MAR-2024,Diversified Commercial Services,Services,Services,Commercial Services & Supplies
KSB,08-FEB-1995,"Compressors, Pumps & Diesel Engines",Capital Goods,Industrials,Industrial Products
KSCL,04-OCT-2007,Other Agricultural Products,Fast Moving Consumer Goods,Fast Moving Consumer Goods,Agricultural Food & other Products
KSE,17-AUG-2026,Animal Feed,Fast Moving Consumer Goods,Fast Moving Consumer Goods,Food Products
KSHINTL,23-DEC-2025,Cables - Electricals,Capital Goods,Industrials,Industrial Products
KSHITIJPOL,27-JUL-2022,Printing Inks,Chemicals,Commodities,Chemicals & Petrochemicals
KSL,19-MAY-2010,Iron & Steel Products,Capital Goods,Industrials,Industrial Products
KSOLVES,23-SEP-2022,Computers - Software & Consulting,Information Technology,Information Technology,IT - Software
KSR,27-NOV-2025,Trading & Distributors,Services,Services,Commercial Services & Supplies
KTKBANK,10-MAY-2000,Private Sector Bank,Financial Services,Financial Services,Banks
KUANTUM,23-OCT-2019,Paper & Paper Products,Forest Materials,Commodities,"Paper, Forest & Jute Products"
KUSUMGAR,15-JUL-2026,Other Textile Products,Textiles,Consumer Discretionary,Textiles & Apparels
KWIL,16-FEB-2026,Dairy Products,Fast Moving Consumer Goods,Fast Moving Consumer Goods,Food Products
LADDERUP,17-AUG-2026,Non Banking Financial Company (NBFC),Financial Services,Financial Services,Finance
LAGNAM,30-SEP-2021,Other Textile Products,Textiles,Consumer Discretionary,Textiles & Apparels
LAHOTIOV,20-APR-2026,Trading & Distributors,Services,Services,Commercial Services & Supplies
LAKPRE,26-SEP-2006,Auto Components & Equipments,Automobile and Auto Components,Consumer Discretionary,Auto Components
LAKSHMIMIL,17-AUG-2026,Other Textile Products,Textiles,Consumer Discretionary,Textiles & Apparels
LAL,10-APR-2023,Garments & Apparels,Textiles,Consumer Discretionary,Textiles & Apparels
LALITHAA,24-AUG-2026,"Gems, Jewellery And Watches",Consumer Durables,Consumer Discretionary,Consumer Durables
LALPATHLAB,23-DEC-2015,Healthcare Service Provider,Healthcare,Healthcare,Healthcare Services
LAMBODHARA,04-FEB-2015,Other Textile Products,Textiles,Consumer Discretionary,Textiles & Apparels
LANCER,17-AUG-2026,Logistics Solution Provider,Services,Services,Transport Services
LANCORHOL,12-MAR-2024,"Residential, Commercial Projects",Realty,Consumer Discretionary,Realty
LANDMARK,23-DEC-2022,Auto Dealer,Automobile and Auto Components,Consumer Discretionary,Automobiles
LANDSMILL,03-AUG-2009,Trading & Distributors,Services,Services,Commercial Services & Supplies
LAOPALA,16-MAR-2007,Glass - Consumer,Consumer Durables,Consumer Discretionary,Consumer Durables
LASERPOWER,16-JUL-2026,Cables - Electricals,Capital Goods,Industrials,Industrial Products
LATENTVIEW,23-NOV-2021,Computers - Software & Consulting,Information Technology,Information Technology,IT - Software
LATTEYS,23-MAY-2023,"Compressors, Pumps & Diesel Engines",Capital Goods,Industrials,Industrial Products
LAURUSLABS,19-DEC-2016,Pharmaceuticals,Healthcare,Healthcare,Pharmaceuticals & Biotechnology
LAXMICOT,12-NOV-2021,Other Textile Products,Textiles,Consumer Discretionary,Textiles & Apparels
LAXMIDENTL,20-JAN-2025,Medical Equipment & Supplies,Healthcare,Healthcare,Healthcare Equipment & Supplies
LAXMIINDIA,05-AUG-2025,Non Banking Financial Company (NBFC),Financial Services,Financial Services,Finance
LCCINFOTEC,02-MAR-2000,Education,Consumer Services,Consumer Discretionary,Other Consumer Services
LCCPROJECT,17-SEP-2026,Civil Construction,Construction,Industrials,Construction
LCL,30-JUL-2026,Industrial Products,Capital Goods,Industrials,Industrial Manufacturing
LEAPIND,14-AUG-2026,Diversified Commercial Services,Services,Services,Commercial Services & Supplies
LEENEE,17-AUG-2026,IT Enabled Services,Information Technology,Information Technology,IT - Services
LEMERITE,12-DEC-2025,Other Textile Products,Textiles,Consumer Discretionary,Textiles & Apparels
LEMONTREE,09-APR-2018,Hotels & Resorts,Consumer Services,Consumer Discretionary,Leisure Services
LENSKART,10-NOV-2025,Speciality Retail,Consumer Services,Consumer Discretionary,Retailing
LEXUS,13-MAR-2023,"Furniture, Home Furnishing",Consumer Durables,Consumer Discretionary,Consumer Durables
LFIC,15-APR-2015,Investment Company,Financial Services,Financial Services,Finance
LGBBROSLTD,30-MAR-2010,Auto Components & Equipments,Automobile and Auto Components,Consumer Discretionary,Auto Components
LGEINDIA,14-OCT-2025,Household Appliances,Consumer Durables,Consumer Discretionary,Consumer Durables
LGHL,10-NOV-2023,"Gems, Jewellery And Watches",Consumer Durables,Consumer Discretionary,Consumer Durables
LIBAS,23-JUL-2019,Garments & Apparels,Textiles,Consumer Discretionary,Textiles & Apparels
LIBERTSHOE,27-SEP-1995,Footwear,Consumer Durables,Consumer Discretionary,Consumer Durables
LICHSGFIN,29-JUL-1998,Housing Finance Company,Financial Services,Financial Services,Finance
LICI,17-MAY-2022,Life Insurance,Financial Services,Financial Services,Insurance
LIKHITHA,15-OCT-2020,Civil Construction,Construction,Industrials,Construction
LINC,09-MAR-2015,Stationary,Fast Moving Consumer Goods,Fast Moving Consumer Goods,Household Products
LINCOLN,17-DEC-2015,Pharmaceuticals,Healthcare,Healthcare,Pharmaceuticals & Biotechnology
LINDEINDIA,16-JUN-1999,Industrial Gases,Chemicals,Commodities,Chemicals & Petrochemicals
LKPSEC,17-AUG-2026,Stockbroking & Allied,Financial Services,Financial Services,Capital Markets
LLOYDSENGG,18-JUL-2016,Industrial Products,Capital Goods,Industrials,Industrial Manufacturing
LLOYDSENT,17-OCT-2024,Trading - Metals,Metals & Mining,Commodities,Metals & Minerals Trading
LLOYDSME,17-JUL-2023,Industrial Minerals,Metals & Mining,Commodities,Minerals & Mining
LMW,29-MAR-1995,Industrial Products,Capital Goods,Industrials,Industrial Manufacturing
LODHA,19-APR-2021,"Residential, Commercial Projects",Realty,Consumer Discretionary,Realty
LOKESHMACH,05-MAY-2006,Industrial Products,Capital Goods,Industrials,Industrial Manufacturing
LORDSCHLO,28-AUG-2023,Commodity Chemicals,Chemicals,Commodities,Chemicals & Petrochemicals
LOTUSCHO,17-AUG-2026,Packaged Foods,Fast Moving Consumer Goods,Fast Moving Consumer Goods,Food Products
LOTUSDEV,06-AUG-2025,"Residential, Commercial Projects",Realty,Consumer Discretionary,Realty
LOTUSEYE,11-JUL-2008,Hospital,Healthcare,Healthcare,Healthcare Services
LOVABLE,24-MAR-2011,Garments & Apparels,Textiles,Consumer Discretionary,Textiles & Apparels
LOYALTEX,11-AUG-2022,Other Textile Products,Textiles,Consumer Discretionary,Textiles & Apparels
LPDC,12-AUG-2008,Real Estate related services,Realty,Consumer Discretionary,Realty
LT,23-JUN-2004,Civil Construction,Construction,Industrials,Construction
LTF,12-AUG-2011,Non Banking Financial Company (NBFC),Financial Services,Financial Services,Finance
LTFOODS,18-DEC-2006,Other Agricultural Products,Fast Moving Consumer Goods,Fast Moving Consumer Goods,Agricultural Food & other Products
LTM,21-JUL-2016,Computers - Software & Consulting,Information Technology,Information Technology,IT - Software
LTTS,23-SEP-2016,IT Enabled Services,Information Technology,Information Technology,IT - Services
LUMAXIND,06-SEP-1995,Auto Components & Equipments,Automobile and Auto Components,Consumer Discretionary,Auto Components
LUMAXTECH,16-JAN-2007,Auto Components & Equipments,Automobile and Auto Components,Consumer Discretionary,Auto Components
LUMINO,03-SEP-2026,Cables - Electricals,Capital Goods,Industrials,Industrial Products
LUPIN,10-SEP-2001,Pharmaceuticals,Healthcare,Healthcare,Pharmaceuticals & Biotechnology
LUXIND,30-NOV-2015,Garments & Apparels,Textiles,Consumer Discretionary,Textiles & Apparels
LXCHEM,25-MAR-2021,Specialty Chemicals,Chemicals,Commodities,Chemicals & Petrochemicals
LYKALABS,08-FEB-1995,Pharmaceuticals,Healthcare,Healthcare,Pharmaceuticals & Biotechnology
M&M,03-JAN-1996,Passenger Cars & Utility Vehicles,Automobile and Auto Components,Consumer Discretionary,Automobiles
M&MFIN,17-MAR-2006,Non Banking Financial Company (NBFC),Financial Services,Financial Services,Finance
MAANALU,22-OCT-2007,Aluminium,Metals & Mining,Commodities,Non - Ferrous Metals
MACPOWER,19-AUG-2020,Industrial Products,Capital Goods,Industrials,Industrial Manufacturing
MADHAV,20-DEC-2007,Granites & Marbles,Consumer Durables,Consumer Discretionary,Consumer Durables
MADHAVIPL,20-APR-2026,Civil Construction,Construction,Industrials,Construction
MADHUCON,05-OCT-2006,Civil Construction,Construction,Industrials,Construction
MADRASFERT,25-JUL-1997,Fertilizers,Chemicals,Commodities,Fertilizers & Agrochemicals
MAFATIND,20-APR-2026,Other Textile Products,Textiles,Consumer Discretionary,Textiles & Apparels
MAGADSUGAR,28-JUL-2017,Sugar,Fast Moving Consumer Goods,Fast Moving Consumer Goods,Agricultural Food & other Products
MAGNUM,20-SEP-2007,Paper & Paper Products,Forest Materials,Commodities,"Paper, Forest & Jute Products"
MAHABANK,12-APR-2004,Public Sector Bank,Financial Services,Financial Services,Banks
MAHAPEXLTD,21-JAN-1998,Other Financial Services,Financial Services,Financial Services,Finance
MAHASTEEL,01-JUL-2016,Iron & Steel Products,Capital Goods,Industrials,Industrial Products
MAHEPC,14-FEB-2020,Industrial Products,Capital Goods,Industrials,Industrial Manufacturing
MAHESHWARI,15-APR-2019,Diversified,Diversified,Diversified,Diversified
MAHLIFE,10-MAY-2000,"Residential, Commercial Projects",Realty,Consumer Discretionary,Realty
MAHLOG,10-NOV-2017,Logistics Solution Provider,Services,Services,Transport Services
MAHSCOOTER,08-FEB-1995,Investment Company,Financial Services,Financial Services,Finance
MAHSEAMLES,25-AUG-2004,Iron & Steel Products,Capital Goods,Industrials,Industrial Products
MAITHANALL,05-JUL-2011,Ferro & Silica Manganese,Metals & Mining,Commodities,Ferrous Metals
MAJESAUT,20-APR-2026,Diversified Commercial Services,Services,Services,Commercial Services & Supplies
MAKERSL,17-AUG-2026,Pharmaceuticals,Healthcare,Healthcare,Pharmaceuticals & Biotechnology
MALLCOM,02-FEB-2022,Other Industrial Products,Capital Goods,Industrials,Industrial Products
MALUPAPER,05-APR-2006,Paper & Paper Products,Forest Materials,Commodities,"Paper, Forest & Jute Products"
MAMATA,27-DEC-2024,Industrial Products,Capital Goods,Industrials,Industrial Manufacturing
MANAKALUCO,30-MAR-2015,Aluminium,Metals & Mining,Commodities,Non - Ferrous Metals
MANAKCOAT,30-MAR-2015,Iron & Steel Products,Capital Goods,Industrials,Industrial Products
MANAKSIA,08-JAN-2008,Iron & Steel Products,Capital Goods,Industrials,Industrial Products
MANAKSTEEL,30-MAR-2015,Iron & Steel,Metals & Mining,Commodities,Ferrous Metals
MANALIPETC,06-DEC-2006,Petrochemicals,Chemicals,Commodities,Chemicals & Petrochemicals
MANAPPURAM,01-DEC-2014,Non Banking Financial Company (NBFC),Financial Services,Financial Services,Finance
MANBA,30-SEP-2024,Non Banking Financial Company (NBFC),Financial Services,Financial Services,Finance
MANCREDIT,16-AUG-2024,Non Banking Financial Company (NBFC),Financial Services,Financial Services,Finance
MANGALAM,23-MAY-2005,Pharmaceuticals,Healthcare,Healthcare,Pharmaceuticals & Biotechnology
MANGLMCEM,03-JAN-1996,Cement & Cement Products,Construction Materials,Commodities,Cement & Cement Products
MANIKA,21-SEP-2026,Plastic Products - Industrial,Capital Goods,Industrials,Industrial Products
MANINDS,24-JUN-2005,Iron & Steel Products,Capital Goods,Industrials,Industrial Products
MANINFRA,11-MAR-2010,"Residential, Commercial Projects",Realty,Consumer Discretionary,Realty
MANIPALHOS,05-AUG-2026,Hospital,Healthcare,Healthcare,Healthcare Services
MANKIND,09-MAY-2023,Pharmaceuticals,Healthcare,Healthcare,Pharmaceuticals & Biotechnology
MANOMAY,18-JAN-2023,Other Textile Products,Textiles,Consumer Discretionary,Textiles & Apparels
MANORAMA,01-JUL-2022,Other Food Products,Fast Moving Consumer Goods,Fast Moving Consumer Goods,Food Products
MANORG,02-NOV-2021,Commodity Chemicals,Chemicals,Commodities,Chemicals & Petrochemicals
MANUGRAPH,14-SEP-2006,Industrial Products,Capital Goods,Industrials,Industrial Manufacturing
MANYAVAR,16-FEB-2022,Speciality Retail,Consumer Services,Consumer Discretionary,Retailing
MAPMYINDIA,21-DEC-2021,Software Products,Information Technology,Information Technology,IT - Software
MARALOVER,08-FEB-1995,Other Textile Products,Textiles,Consumer Discretionary,Textiles & Apparels
MARATHON,29-SEP-2016,"Residential, Commercial Projects",Realty,Consumer Discretionary,Realty
MARICO,01-MAY-1996,Edible Oil,Fast Moving Consumer Goods,Fast Moving Consumer Goods,Agricultural Food & other Products
MARINE,02-DEC-2020,Industrial Products,Capital Goods,Industrials,Industrial Manufacturing
MARKOLINES,14-OCT-2025,Civil Construction,Construction,Industrials,Construction
MARKSANS,21-JAN-2002,Pharmaceuticals,Healthcare,Healthcare,Pharmaceuticals & Biotechnology
MARSONS,13-MAR-2026,Heavy Electrical Equipment,Capital Goods,Industrials,Electrical Equipment
MARUTI,09-JUL-2003,Passenger Cars & Utility Vehicles,Automobile and Auto Components,Consumer Discretionary,Automobiles
MASFIN,18-OCT-2017,Non Banking Financial Company (NBFC),Financial Services,Financial Services,Finance
MASKINVEST,14-OCT-2016,Investment Company,Financial Services,Financial Services,Finance
MASTEK,10-MAY-1995,Computers - Software & Consulting,Information Technology,Information Technology,IT - Software
MASTERTR,12-NOV-2024,Stockbroking & Allied,Financial Services,Financial Services,Capital Markets
MATRIMONY,21-SEP-2017,Internet & Catalogue Retail,Consumer Services,Consumer Discretionary,Retailing
MAWANASUG,20-MAR-2009,Sugar,Fast Moving Consumer Goods,Fast Moving Consumer Goods,Agricultural Food & other Products
MAXESTATES,30-OCT-2023,"Residential, Commercial Projects",Realty,Consumer Discretionary,Realty
MAXHEALTH,21-AUG-2020,Hospital,Healthcare,Healthcare,Healthcare Services
MAXIND,28-AUG-2020,Holding Company,Financial Services,Financial Services,Finance
MAYURUNIQ,25-SEP-2012,Leather And Leather Products,Consumer Durables,Consumer Discretionary,Consumer Durables
MAZDA,01-NOV-2016,Industrial Products,Capital Goods,Industrials,Industrial Manufacturing
MAZDOCK,12-OCT-2020,Ship Building & Allied Services,Capital Goods,Industrials,Industrial Manufacturing
MBAPL,22-AUG-2019,Fertilizers,Chemicals,Commodities,Fertilizers & Agrochemicals
MBECL,06-OCT-2006,Civil Construction,Construction,Industrials,Construction
MBEL,06-AUG-2025,Civil Construction,Construction,Industrials,Construction
MBLINFRA,11-JAN-2010,Civil Construction,Construction,Industrials,Construction
MCCHRLS-B,20-APR-2026,Hotels & Resorts,Consumer Services,Consumer Discretionary,Leisure Services
MCL,19-AUG-2020,"Aluminium, Copper & Zinc Products",Capital Goods,Industrials,Industrial Products
MCLEODRUSS,29-JUL-2005,Tea & Coffee,Fast Moving Consumer Goods,Fast Moving Consumer Goods,Agricultural Food & other Products
MCLOUD,07-FEB-2025,Computers - Software & Consulting,Information Technology,Information Technology,IT - Software
MCX,09-MAR-2012,Exchange and Data Platform,Financial Services,Financial Services,Capital Markets
MEDANTA,16-NOV-2022,Hospital,Healthcare,Healthcare,Healthcare Services
MEDIASSIST,23-JAN-2024,Insurance Distributors,Financial Services,Financial Services,Insurance
MEDICAMEQ,27-OCT-2021,Pharmaceuticals,Healthcare,Healthcare,Pharmaceuticals & Biotechnology
MEDICAPQ,17-AUG-2026,Pharmaceuticals,Healthcare,Healthcare,Pharmaceuticals & Biotechnology
MEDICO,26-MAY-2022,Pharmaceuticals,Healthcare,Healthcare,Pharmaceuticals & Biotechnology
MEDPLUS,23-DEC-2021,Pharmacy Retail,Consumer Services,Consumer Discretionary,Retailing
MEESHO,10-DEC-2025,E-Retail/ E-Commerce,Consumer Services,Consumer Discretionary,Retailing
MEGASTAR,16-FEB-2022,Other Food Products,Fast Moving Consumer Goods,Fast Moving Consumer Goods,Food Products
MEIL,28-AUG-2025,Other Electrical Equipment,Capital Goods,Industrials,Electrical Equipment
MENNPIS,20-APR-2026,Auto Components & Equipments,Automobile and Auto Components,Consumer Discretionary,Auto Components
MENONBE,09-MAR-2015,Auto Components & Equipments,Automobile and Auto Components,Consumer Discretionary,Auto Components
MEP,06-MAY-2015,"Road AssetsToll, Annuity, Hybrid-Annuity",Services,Services,Transport Infrastructure
MERCANTILE,20-APR-2026,Diversified Commercial Services,Services,Services,Commercial Services & Supplies
MERCURYEV,02-JUN-2026,Passenger Cars & Utility Vehicles,Automobile and Auto Components,Consumer Discretionary,Automobiles
METROBRAND,22-DEC-2021,Footwear,Consumer Durables,Consumer Discretionary,Consumer Durables
METROGLOBL,20-APR-2026,Trading & Distributors,Services,Services,Commercial Services & Supplies
METROPOLIS,15-APR-2019,Healthcare Service Provider,Healthcare,Healthcare,Healthcare Services
MFML,27-AUG-2024,Other Textile Products,Textiles,Consumer Discretionary,Textiles & Apparels
MFSL,17-MAY-2000,Life Insurance,Financial Services,Financial Services,Insurance
MGEL,23-DEC-2020,Other Agricultural Products,Fast Moving Consumer Goods,Fast Moving Consumer Goods,Agricultural Food & other Products
MGL,01-JUL-2016,LPG/CNG/PNG/LNG Supplier,"Oil, Gas & Consumable Fuels",Energy,Gas
MHLXMIRU,27-JAN-2022,Other Textile Products,Textiles,Consumer Discretionary,Textiles & Apparels
MHRIL,16-JUL-2009,Hotels & Resorts,Consumer Services,Consumer Discretionary,Leisure Services
MICEL,17-DEC-2021,Other Industrial Products,Capital Goods,Industrials,Industrial Products
MIDHANI,04-APR-2018,Aerospace & Defense,Capital Goods,Industrials,Aerospace & Defense
MIDWESTLTD,24-OCT-2025,Granites & Marbles,Consumer Durables,Consumer Discretionary,Consumer Durables
MIIL,17-AUG-2026,"Residential, Commercial Projects",Realty,Consumer Discretionary,Realty
MILKYMIST,18-AUG-2026,Dairy Products,Fast Moving Consumer Goods,Fast Moving Consumer Goods,Food Products
MINALIND,17-AUG-2026,Trading & Distributors,Services,Services,Commercial Services & Supplies
MINDACORP,16-OCT-2014,Auto Components & Equipments,Automobile and Auto Components,Consumer Discretionary,Auto Components
MINDTECK,02-AUG-2016,Computers - Software & Consulting,Information Technology,Information Technology,IT - Software
MIRZAINT,28-APR-1999,Leather And Leather Products,Consumer Durables,Consumer Discretionary,Consumer Durables
MITCON,17-MAR-2022,Consulting Services,Services,Services,Commercial Services & Supplies
MITTAL,29-APR-2020,Garments & Apparels,Textiles,Consumer Discretionary,Textiles & Apparels
MKEXIM,17-AUG-2026,Distributors,Consumer Services,Consumer Discretionary,Retailing
MKPL,13-JUN-2023,Edible Oil,Fast Moving Consumer Goods,Fast Moving Consumer Goods,Agricultural Food & other Products
MLKFOOD,17-AUG-2026,Dairy Products,Fast Moving Consumer Goods,Fast Moving Consumer Goods,Food Products
MMFL,20-DEC-2006,Auto Components & Equipments,Automobile and Auto Components,Consumer Discretionary,Auto Components
MMP,09-JAN-2020,Aluminium,Metals & Mining,Commodities,Non - Ferrous Metals
MMTC,09-APR-2012,Trading & Distributors,Services,Services,Commercial Services & Supplies
MMWL,20-APR-2026,"Film Production, Distribution & Exhibition","Media, Entertainment & Publication",Consumer Discretionary,Entertainment
MOBIKWIK,18-DEC-2024,Financial Technology (Fintech),Financial Services,Financial Services,Financial Technology (Fintech)
MODINATUR,11-DEC-2025,Other Agricultural Products,Fast Moving Consumer Goods,Fast Moving Consumer Goods,Agricultural Food & other Products
MODIRUBBER,07-FEB-1996,Tyres & Rubber Products,Automobile and Auto Components,Consumer Discretionary,Auto Components
MODIS,14-NOV-2025,"Residential, Commercial Projects",Realty,Consumer Discretionary,Realty
MODISONLTD,03-MAY-2021,Other Electrical Equipment,Capital Goods,Industrials,Electrical Equipment
MODTHREAD,22-NOV-1995,Other Textile Products,Textiles,Consumer Discretionary,Textiles & Apparels
MOHITE,17-AUG-2026,Other Textile Products,Textiles,Consumer Discretionary,Textiles & Apparels
MOHITIND,14-MAR-2013,Other Textile Products,Textiles,Consumer Discretionary,Textiles & Apparels
MOIL,15-DEC-2010,Industrial Minerals,Metals & Mining,Commodities,Minerals & Mining
MOKSH,21-MAY-2021,"Gems, Jewellery And Watches",Consumer Durables,Consumer Discretionary,Consumer Durables
MOL,18-AUG-2021,Pesticides & Agrochemicals,Chemicals,Commodities,Fertilizers & Agrochemicals
MOLBIO,17-AUG-2026,Medical Equipment & Supplies,Healthcare,Healthcare,Healthcare Equipment & Supplies
MOLDTECH,07-JUL-2016,Civil Construction,Construction,Industrials,Construction
MOLDTKPAC,23-FEB-2015,Packaging,Capital Goods,Industrials,Industrial Products
MOMSBELIEF,08-SEP-2026,Hospital,Healthcare,Healthcare,Healthcare Services
MONARCH,06-JAN-2022,Stockbroking & Allied,Financial Services,Financial Services,Capital Markets
MONEYBOXX,15-OCT-2025,Non Banking Financial Company (NBFC),Financial Services,Financial Services,Finance
MONTECARLO,19-DEC-2014,Garments & Apparels,Textiles,Consumer Discretionary,Textiles & Apparels
MOREPENLAB,24-NOV-1999,Pharmaceuticals,Healthcare,Healthcare,Pharmaceuticals & Biotechnology
MOSCHIP,05-FEB-2025,Computers Hardware & Equipments,Information Technology,Information Technology,IT - Hardware
MOTHERSON,14-AUG-1996,Auto Components & Equipments,Automobile and Auto Components,Consumer Discretionary,Auto Components
MOTILALOFS,11-SEP-2007,Stockbroking & Allied,Financial Services,Financial Services,Capital Markets
MOTISONS,26-DEC-2023,"Gems, Jewellery And Watches",Consumer Durables,Consumer Discretionary,Consumer Durables
MOTOGENFIN,08-FEB-1995,Diversified Commercial Services,Services,Services,Commercial Services & Supplies
MPDL,17-AUG-2026,"Residential, Commercial Projects",Realty,Consumer Discretionary,Realty
MPHASIS,04-JUN-2004,Computers - Software & Consulting,Information Technology,Information Technology,IT - Software
MPIMANIPAL,17-SEP-2026,Financial Technology (Fintech),Financial Services,Financial Services,Financial Technology (Fintech)
MPSLTD,21-JAN-2002,Printing & Publication,"Media, Entertainment & Publication",Consumer Discretionary,Printing & Publication
MRF,18-SEP-1996,Tyres & Rubber Products,Automobile and Auto Components,Consumer Discretionary,Auto Components
MRPL,07-JAN-2005,Refineries & Marketing,"Oil, Gas & Consumable Fuels",Energy,Petroleum Products
MSL,17-AUG-2026,Other Agricultural Products,Fast Moving Consumer Goods,Fast Moving Consumer Goods,Agricultural Food & other Products
MSPL,18-JUL-2005,Iron & Steel Products,Capital Goods,Industrials,Industrial Products
MSTCLTD,29-MAR-2019,Trading & Distributors,Services,Services,Commercial Services & Supplies
MSUMI,28-MAR-2022,Auto Components & Equipments,Automobile and Auto Components,Consumer Discretionary,Auto Components
MTARTECH,15-MAR-2021,Other Electrical Equipment,Capital Goods,Industrials,Electrical Equipment
MTEDUCARE,12-APR-2012,Education,Consumer Services,Consumer Discretionary,Other Consumer Services
MTNL,17-FEB-1999,Telecom - Cellular & Fixed line services,Telecommunication,Telecommunication,Telecom - Services
MUFIN,06-NOV-2023,Non Banking Financial Company (NBFC),Financial Services,Financial Services,Finance
MUFTI,27-DEC-2023,Speciality Retail,Consumer Services,Consumer Discretionary,Retailing
MUKANDLTD,23-FEB-2004,Iron & Steel Products,Capital Goods,Industrials,Industrial Products
MUKESHB,17-AUG-2026,Non Banking Financial Company (NBFC),Financial Services,Financial Services,Finance
MUKKA,07-MAR-2024,Animal Feed,Fast Moving Consumer Goods,Fast Moving Consumer Goods,Food Products
MUKTAARTS,12-SEP-2000,"Film Production, Distribution & Exhibition","Media, Entertainment & Publication",Consumer Discretionary,Entertainment
MUNJALAU,19-JUL-2006,Auto Components & Equipments,Automobile and Auto Components,Consumer Discretionary,Auto Components
MUNJALSHOW,12-MAY-2003,Auto Components & Equipments,Automobile and Auto Components,Consumer Discretionary,Auto Components
MURUDCERA,28-MAY-2004,Ceramics,Consumer Durables,Consumer Discretionary,Consumer Durables
MUTHOOTCAP,24-AUG-2015,Non Banking Financial Company (NBFC),Financial Services,Financial Services,Finance
MUTHOOTFIN,06-MAY-2011,Non Banking Financial Company (NBFC),Financial Services,Financial Services,Finance
MUTHOOTMF,26-DEC-2023,Microfinance Institutions,Financial Services,Financial Services,Finance
MVELECTRO,06-AUG-2026,Industrial Products,Capital Goods,Industrials,Industrial Manufacturing
MVGJL,03-OCT-2023,"Gems, Jewellery And Watches",Consumer Durables,Consumer Discretionary,Consumer Durables
MWL,18-SEP-2025,Trading - Metals,Metals & Mining,Commodities,Metals & Minerals Trading
MYSORPETRO,17-AUG-2026,Trading - Chemicals,Chemicals,Commodities,Chemicals & Petrochemicals
NACLIND,07-APR-2017,Pesticides & Agrochemicals,Chemicals,Commodities,Fertilizers & Agrochemicals
NAGREEKCAP,18-SEP-2007,Investment Company,Financial Services,Financial Services,Finance
NAGREEKEXP,18-JUN-2007,Other Textile Products,Textiles,Consumer Discretionary,Textiles & Apparels
NAHARCAP,11-MAR-2008,Investment Company,Financial Services,Financial Services,Finance
NAHARINDUS,15-DEC-2005,Other Textile Products,Textiles,Consumer Discretionary,Textiles & Apparels
NAHARPOLY,23-MAR-2007,Packaging,Capital Goods,Industrials,Industrial Products
NAHARSPING,23-MAR-2007,Other Textile Products,Textiles,Consumer Discretionary,Textiles & Apparels
NAM-INDIA,06-NOV-2017,Asset Management Company,Financial Services,Financial Services,Capital Markets
NARMADA,27-OCT-2022,Animal Feed,Fast Moving Consumer Goods,Fast Moving Consumer Goods,Food Products
NATCAPSUQ,14-FEB-2025,Pharmaceuticals,Healthcare,Healthcare,Pharmaceuticals & Biotechnology
NATCOPHARM,27-DEC-1995,Pharmaceuticals,Healthcare,Healthcare,Pharmaceuticals & Biotechnology
NATHBIOGEN,28-JAN-2014,Other Agricultural Products,Fast Moving Consumer Goods,Fast Moving Consumer Goods,Agricultural Food & other Products
NATIONALUM,28-APR-1999,Aluminium,Metals & Mining,Commodities,Non - Ferrous Metals
NATIONSTD,20-APR-2026,"Residential, Commercial Projects",Realty,Consumer Discretionary,Realty
NAUKRI,21-NOV-2006,Internet & Catalogue Retail,Consumer Services,Consumer Discretionary,Retailing
NAVA,03-APR-1996,Power Generation,Power,Utilities,Power
NAVINFLUOR,01-JUN-2007,Specialty Chemicals,Chemicals,Commodities,Chemicals & Petrochemicals
NAVKARCORP,09-SEP-2015,Logistics Solution Provider,Services,Services,Transport Services
NAVKARURB,17-JAN-2025,Civil Construction,Construction,Industrials,Construction
NAVNETEDUL,08-FEB-1995,Stationary,Fast Moving Consumer Goods,Fast Moving Consumer Goods,Household Products
NAZARA,30-MAR-2021,Digital Entertainment,"Media, Entertainment & Publication",Consumer Discretionary,Entertainment
NBCC,12-APR-2012,Civil Construction,Construction,Industrials,Construction
NBIFIN,23-NOV-2016,Non Banking Financial Company (NBFC),Financial Services,Financial Services,Finance
NCC,14-OCT-2003,Civil Construction,Construction,Industrials,Construction
NCLIND,03-APR-2007,Cement & Cement Products,Construction Materials,Commodities,Cement & Cement Products
NDGL,29-AUG-2016,Non Banking Financial Company (NBFC),Financial Services,Financial Services,Finance
NDL,23-MAR-2012,Other Textile Products,Textiles,Consumer Discretionary,Textiles & Apparels
NDLVENTURE,24-APR-2007,Other Financial Services,Financial Services,Financial Services,Finance
NDRAUTO,30-JUL-2020,Auto Components & Equipments,Automobile and Auto Components,Consumer Discretionary,Auto Components
NDTV,19-MAY-2004,TV Broadcasting & Software Production,"Media, Entertainment & Publication",Consumer Discretionary,Entertainment
NEAGI,20-APR-2026,Tea & Coffee,Fast Moving Consumer Goods,Fast Moving Consumer Goods,Agricultural Food & other Products
NECCLTD,02-MAR-2016,Logistics Solution Provider,Services,Services,Transport Services
NECLIFE,18-JUL-2005,Pharmaceuticals,Healthcare,Healthcare,Pharmaceuticals & Biotechnology
NELCAST,27-JUN-2007,Castings & Forgings,Capital Goods,Industrials,Industrial Products
NELCO,28-MAY-2003,Computers Hardware & Equipments,Information Technology,Information Technology,IT - Hardware
NEOGEN,08-MAY-2019,Specialty Chemicals,Chemicals,Commodities,Chemicals & Petrochemicals
NEPHROPLUS,17-DEC-2025,Healthcare Service Provider,Healthcare,Healthcare,Healthcare Services
NESCO,08-APR-2008,Diversified Commercial Services,Services,Services,Commercial Services & Supplies
NESTLEIND,01-AUG-2023,Packaged Foods,Fast Moving Consumer Goods,Fast Moving Consumer Goods,Food Products
NETWEB,27-JUL-2023,IT Enabled Services,Information Technology,Information Technology,IT - Services
NETWORK18,02-FEB-2007,Media & Entertainment,"Media, Entertainment & Publication",Consumer Discretionary,Entertainment
NEUEON,11-SEP-2013,Heavy Electrical Equipment,Capital Goods,Industrials,Electrical Equipment
NEULANDLAB,13-OCT-2008,Pharmaceuticals,Healthcare,Healthcare,Pharmaceuticals & Biotechnology
NEWGEN,29-JAN-2018,Computers - Software & Consulting,Information Technology,Information Technology,IT - Software
NEXTMEDIA,04-APR-2001,Media & Entertainment,"Media, Entertainment & Publication",Consumer Discretionary,Entertainment
NFL,28-DEC-2006,Fertilizers,Chemicals,Commodities,Fertilizers & Agrochemicals
NGIL,20-AUG-2021,Packaged Foods,Fast Moving Consumer Goods,Fast Moving Consumer Goods,Food Products
NGLFINE,08-JUL-2022,Pharmaceuticals,Healthcare,Healthcare,Pharmaceuticals & Biotechnology
NH,06-JAN-2016,Hospital,Healthcare,Healthcare,Healthcare Services
NHPC,01-SEP-2009,Power Generation,Power,Utilities,Power
NIACL,13-NOV-2017,General Insurance,Financial Services,Financial Services,Insurance
NIBE,07-FEB-2025,Aerospace & Defense,Capital Goods,Industrials,Aerospace & Defense
NIBL,09-APR-2013,Abrasives & Bearings,Capital Goods,Industrials,Industrial Products
NICCOPAR,17-AUG-2026,Amusement Parks/ Other Recreation,Consumer Services,Consumer Discretionary,Leisure Services
NIITLTD,16-AUG-2004,Education,Consumer Services,Consumer Discretionary,Other Consumer Services
NIITMTS,08-AUG-2023,Education,Consumer Services,Consumer Discretionary,Other Consumer Services
NILAINFRA,21-MAY-2015,"Residential, Commercial Projects",Realty,Consumer Discretionary,Realty
NILASPACES,28-DEC-2018,"Residential, Commercial Projects",Realty,Consumer Discretionary,Realty
NILE,20-APR-2026,Industrial Minerals,Metals & Mining,Commodities,Minerals & Mining
NILKAMAL,01-NOV-1995,Plastic Products - Consumer,Consumer Durables,Consumer Discretionary,Consumer Durables
NIMBSPROJ,06-APR-2026,"Residential, Commercial Projects",Realty,Consumer Discretionary,Realty
NINSYS,21-FEB-2023,Computers - Software & Consulting,Information Technology,Information Technology,IT - Software
NIPPOBATRY,06-OCT-1999,Household Products,Fast Moving Consumer Goods,Fast Moving Consumer Goods,Household Products
NIRAJ,01-OCT-2020,Civil Construction,Construction,Industrials,Construction
NIRAJISPAT,27-OCT-2016,Plastic Products - Consumer,Consumer Durables,Consumer Discretionary,Consumer Durables
NIRLON,20-APR-2026,Diversified Commercial Services,Services,Services,Commercial Services & Supplies
NITCO,21-MAR-2006,Ceramics,Consumer Durables,Consumer Discretionary,Consumer Durables
NITINSPIN,02-FEB-2006,Other Textile Products,Textiles,Consumer Discretionary,Textiles & Apparels
NITIRAJ,22-APR-2021,Consumer Electronics,Consumer Durables,Consumer Discretionary,Consumer Durables
NITTAGELA,20-APR-2026,Specialty Chemicals,Chemicals,Commodities,Chemicals & Petrochemicals
NIVABUPA,14-NOV-2024,General Insurance,Financial Services,Financial Services,Insurance
NKIND,07-JUL-1995,Edible Oil,Fast Moving Consumer Goods,Fast Moving Consumer Goods,Agricultural Food & other Products
NLCINDIA,23-AUG-2000,Power Generation,Power,Utilities,Power
NMDC,03-MAR-2008,Industrial Minerals,Metals & Mining,Commodities,Minerals & Mining
NOCIL,17-JAN-1996,Specialty Chemicals,Chemicals,Commodities,Chemicals & Petrochemicals
NOIDATOLL,06-DEC-2002,"Road AssetsToll, Annuity, Hybrid-Annuity",Services,Services,Transport Infrastructure
NORBTEAEXP,26-JUN-1996,Tea & Coffee,Fast Moving Consumer Goods,Fast Moving Consumer Goods,Agricultural Food & other Products
NORTHARC,24-SEP-2024,Non Banking Financial Company (NBFC),Financial Services,Financial Services,Finance
NOVAAGRI,31-JAN-2024,Fertilizers,Chemicals,Commodities,Fertilizers & Agrochemicals
NOVARTIND,20-APR-2026,Pharmaceuticals,Healthcare,Healthcare,Pharmaceuticals & Biotechnology
NPST,30-APR-2025,Financial Technology (Fintech),Financial Services,Financial Services,Financial Technology (Fintech)
NRAIL,05-APR-2017,Paper & Paper Products,Forest Materials,Commodities,"Paper, Forest & Jute Products"
NRBBEARING,08-MAR-2000,Auto Components & Equipments,Automobile and Auto Components,Consumer Discretionary,Auto Components
NRL,12-JAN-2023,Trading - Metals,Metals & Mining,Commodities,Metals & Minerals Trading
NSIL,17-NOV-2003,Investment Company,Financial Services,Financial Services,Finance
NSLNISP,20-FEB-2023,Iron & Steel,Metals & Mining,Commodities,Ferrous Metals
NTCIND,17-AUG-2026,Cigarettes & Tobacco Products,Fast Moving Consumer Goods,Fast Moving Consumer Goods,Cigarettes & Tobacco Products
NTPC,05-NOV-2004,Power Generation,Power,Utilities,Power
NTPCGREEN,27-NOV-2024,Power Generation,Power,Utilities,Power
NUCLEUS,19-DEC-2002,Software Products,Information Technology,Information Technology,IT - Software
NURECA,25-FEB-2021,Medical Equipment & Supplies,Healthcare,Healthcare,Healthcare Equipment & Supplies
NUVAMA,26-SEP-2023,Stockbroking & Allied,Financial Services,Financial Services,Capital Markets
NUVOCO,23-AUG-2021,Cement & Cement Products,Construction Materials,Commodities,Cement & Cement Products
NYKAA,10-NOV-2021,E-Retail/ E-Commerce,Consumer Services,Consumer Discretionary,Retailing
OAL,11-JUL-2019,Specialty Chemicals,Chemicals,Commodities,Chemicals & Petrochemicals
OBCL,07-APR-2022,Logistics Solution Provider,Services,Services,Transport Services
OBEROIRLTY,20-OCT-2010,"Residential, Commercial Projects",Realty,Consumer Discretionary,Realty
OCCLLTD,29-OCT-2024,Commodity Chemicals,Chemicals,Commodities,Chemicals & Petrochemicals
ODIGMA,12-DEC-2024,IT Enabled Services,Information Technology,Information Technology,IT - Services
ODYCORP,17-AUG-2026,Non Banking Financial Company (NBFC),Financial Services,Financial Services,Finance
OFSS,28-JUN-2002,Software Products,Information Technology,Information Technology,IT - Software
OIL,30-SEP-2009,Oil Exploration & Production,"Oil, Gas & Consumable Fuels",Energy,Oil
OILCOUNTUB,30-AUG-1995,Oil Equipment & Services,"Oil, Gas & Consumable Fuels",Energy,Oil
OLAELEC,09-AUG-2024,2/3 Wheelers,Automobile and Auto Components,Consumer Discretionary,Automobiles
OLECTRA,20-MAR-2002,Passenger Cars & Utility Vehicles,Automobile and Auto Components,Consumer Discretionary,Automobiles
OMAXAUTO,20-FEB-2003,Auto Components & Equipments,Automobile and Auto Components,Consumer Discretionary,Auto Components
OMAXE,09-AUG-2007,"Residential, Commercial Projects",Realty,Consumer Discretionary,Realty
OMFREIGHT,08-OCT-2025,Logistics Solution Provider,Services,Services,Transport Services
OMINFRAL,17-JUN-2011,Civil Construction,Construction,Industrials,Construction
OMNI,05-MAR-2026,Industrial Products,Capital Goods,Industrials,Industrial Manufacturing
OMPOWER,17-APR-2026,Civil Construction,Construction,Industrials,Construction
ONEGLOBAL,17-AUG-2026,Healthcare Service Provider,Healthcare,Healthcare,Healthcare Services
ONELIFECAP,17-OCT-2011,Stockbroking & Allied,Financial Services,Financial Services,Capital Markets
ONEPOINT,09-MAY-2019,Business Process Outsourcing (BPO)/ Knowledge Process Outsourcing (KPO),Services,Services,Commercial Services & Supplies
ONESOURCE,24-JAN-2025,Pharmaceuticals,Healthcare,Healthcare,Pharmaceuticals & Biotechnology
ONGC,19-JUL-1995,Oil Exploration & Production,"Oil, Gas & Consumable Fuels",Energy,Oil
ONIDA,24-MAY-2004,Consumer Electronics,Consumer Durables,Consumer Discretionary,Consumer Durables
ONIXSOLAR,17-AUG-2026,Copper,Metals & Mining,Commodities,Non - Ferrous Metals
ONMOBILE,19-FEB-2008,Web based media and service,"Media, Entertainment & Publication",Consumer Discretionary,Media
ONWARDTEC,07-MAR-2001,IT Enabled Services,Information Technology,Information Technology,IT - Services
OPTIEMUS,08-AUG-2017,Telecom - Equipment & Accessories,Telecommunication,Telecommunication,Telecom - Equipment & Accessories
OPTIFIN,17-AUG-2026,Non Banking Financial Company (NBFC),Financial Services,Financial Services,Finance
ORBTEXP,05-NOV-2013,Other Textile Products,Textiles,Consumer Discretionary,Textiles & Apparels
ORCHASP,07-FEB-2025,Computers - Software & Consulting,Information Technology,Information Technology,IT - Software
ORCHPHARMA,02-NOV-2020,Pharmaceuticals,Healthcare,Healthcare,Pharmaceuticals & Biotechnology
ORICONENT,24-JUL-2015,Packaging,Capital Goods,Industrials,Industrial Products
ORIENTALTL,07-MAR-2007,Granites & Marbles,Consumer Durables,Consumer Discretionary,Consumer Durables
ORIENTBELL,14-FEB-2007,Ceramics,Consumer Durables,Consumer Discretionary,Consumer Durables
ORIENTCEM,12-JUL-2013,Cement & Cement Products,Construction Materials,Commodities,Cement & Cement Products
ORIENTCER,15-DEC-2005,Electrodes & Refractories,Capital Goods,Industrials,Industrial Products
ORIENTELEC,14-MAY-2018,Household Appliances,Consumer Durables,Consumer Discretionary,Consumer Durables
ORIENTHOT,27-AUG-1998,Hotels & Resorts,Consumer Services,Consumer Discretionary,Leisure Services
ORIENTLTD,03-MAR-2010,Packaging,Capital Goods,Industrials,Industrial Products
ORIENTPPR,29-MAR-1995,Paper & Paper Products,Forest Materials,Commodities,"Paper, Forest & Jute Products"
ORIENTTECH,28-AUG-2024,IT Enabled Services,Information Technology,Information Technology,IT - Services
ORIRAIL,17-AUG-2026,Other Industrial Products,Capital Goods,Industrials,Industrial Products
ORISSAMINE,29-SEP-2010,Industrial Minerals,Metals & Mining,Commodities,Minerals & Mining
ORKLAINDIA,06-NOV-2025,Other Food Products,Fast Moving Consumer Goods,Fast Moving Consumer Goods,Food Products
ORTINGLOBE,30-MAR-2021,Pharmaceuticals,Healthcare,Healthcare,Pharmaceuticals & Biotechnology
OSIAHYPER,01-DEC-2022,Diversified Retail,Consumer Services,Consumer Discretionary,Retailing
OSWALAGRO,29-MAR-1995,Trading & Distributors,Services,Services,Commercial Services & Supplies
OSWALGREEN,28-AUG-1996,Investment Company,Financial Services,Financial Services,Finance
OSWALPUMPS,20-JUN-2025,"Compressors, Pumps & Diesel Engines",Capital Goods,Industrials,Industrial Products
OSWALSEEDS,28-FEB-2023,Other Agricultural Products,Fast Moving Consumer Goods,Fast Moving Consumer Goods,Agricultural Food & other Products
PACEDIGITK,06-OCT-2025,Telecom - Infrastructure,Telecommunication,Telecommunication,Telecom - Services
PACIFICI,17-AUG-2026,Granites & Marbles,Consumer Durables,Consumer Discretionary,Consumer Durables
PAGEIND,16-MAR-2007,Garments & Apparels,Textiles,Consumer Discretionary,Textiles & Apparels
PAISALO,17-OCT-2011,Non Banking Financial Company (NBFC),Financial Services,Financial Services,Finance
PAKKA,11-JUL-2023,Paper & Paper Products,Forest Materials,Commodities,"Paper, Forest & Jute Products"
PALASHSECU,28-JUL-2017,Packaged Foods,Fast Moving Consumer Goods,Fast Moving Consumer Goods,Food Products
PALREDTEC,09-MAY-2016,IT Enabled Services,Information Technology,Information Technology,IT - Services
PANACEABIO,17-APR-1996,Pharmaceuticals,Healthcare,Healthcare,Pharmaceuticals & Biotechnology
PANACHE,06-JAN-2020,IT Enabled Services,Information Technology,Information Technology,IT - Services
PANAMAPET,30-SEP-2011,Lubricants,"Oil, Gas & Consumable Fuels",Energy,Petroleum Products
PANCHMAHQ,17-AUG-2026,Iron & Steel Products,Capital Goods,Industrials,Industrial Products
PANORAMA,17-AUG-2026,"Film Production, Distribution & Exhibition","Media, Entertainment & Publication",Consumer Discretionary,Entertainment
PANSARI,18-OCT-2021,"Residential, Commercial Projects",Realty,Consumer Discretionary,Realty
PAR,16-SEP-2021,Pharmaceuticals,Healthcare,Healthcare,Pharmaceuticals & Biotechnology
PARACABLES,03-JAN-2007,Cables - Electricals,Capital Goods,Industrials,Industrial Products
PARADEEP,27-MAY-2022,Fertilizers,Chemicals,Commodities,Fertilizers & Agrochemicals
PARAGMILK,19-MAY-2016,Dairy Products,Fast Moving Consumer Goods,Fast Moving Consumer Goods,Food Products
PARAS,01-OCT-2021,Aerospace & Defense,Capital Goods,Industrials,Aerospace & Defense
PARASPETRO,14-FEB-1996,Investment Company,Financial Services,Financial Services,Finance
PARIN,25-SEP-2026,"Furniture, Home Furnishing",Consumer Durables,Consumer Discretionary,Consumer Durables
PARKHOSPS,17-DEC-2025,Hospital,Healthcare,Healthcare,Healthcare Services
PARKHOTELS,12-FEB-2024,Hotels & Resorts,Consumer Services,Consumer Discretionary,Leisure Services
PARNAXLAB,17-AUG-2026,Pharmaceuticals,Healthcare,Healthcare,Pharmaceuticals & Biotechnology
PARSVNATH,30-NOV-2006,"Residential, Commercial Projects",Realty,Consumer Discretionary,Realty
PASHUPATI,17-JUL-2025,Other Textile Products,Textiles,Consumer Discretionary,Textiles & Apparels
PASUPTAC,12-OCT-2021,Petrochemicals,Chemicals,Commodities,Chemicals & Petrochemicals
PATANJALI,24-JAN-2020,Edible Oil,Fast Moving Consumer Goods,Fast Moving Consumer Goods,Agricultural Food & other Products
PATELENG,24-FEB-2005,Civil Construction,Construction,Industrials,Construction
PATELRMART,26-AUG-2025,Diversified Retail,Consumer Services,Consumer Discretionary,Retailing
PATINTLOG,11-JAN-2008,Logistics Solution Provider,Services,Services,Transport Services
PAUSHAKLTD,01-DEC-2025,Specialty Chemicals,Chemicals,Commodities,Chemicals & Petrochemicals
PAVNAIND,01-JUN-2023,Auto Components & Equipments,Automobile and Auto Components,Consumer Discretionary,Auto Components
PAYTM,18-NOV-2021,Financial Technology (Fintech),Financial Services,Financial Services,Financial Technology (Fintech)
PBMPOLY,17-AUG-2026,Other Textile Products,Textiles,Consumer Discretionary,Textiles & Apparels
PCBL,29-MAR-1995,Carbon Black,Chemicals,Commodities,Chemicals & Petrochemicals
PCJEWELLER,27-DEC-2012,"Gems, Jewellery And Watches",Consumer Durables,Consumer Discretionary,Consumer Durables
PDMJEPAPER,30-MAR-2016,Paper & Paper Products,Forest Materials,Commodities,"Paper, Forest & Jute Products"
PDSL,21-OCT-2014,Trading - Textile Products,Textiles,Consumer Discretionary,Textiles & Apparels
PEARLPOLY,11-OCT-1995,Plastic Products - Consumer,Consumer Durables,Consumer Discretionary,Consumer Durables
PENIND,25-NOV-2010,Industrial Products,Capital Goods,Industrials,Industrial Manufacturing
PENINLAND,08-FEB-1995,"Residential, Commercial Projects",Realty,Consumer Discretionary,Realty
PERMAGN,17-AUG-2026,Other Electrical Equipment,Capital Goods,Industrials,Electrical Equipment
PERNIASPOP,07-SEP-2026,Speciality Retail,Consumer Services,Consumer Discretionary,Retailing
PERSISTENT,06-APR-2010,Computers - Software & Consulting,Information Technology,Information Technology,IT - Software
PETRONET,26-MAR-2004,LPG/CNG/PNG/LNG Supplier,"Oil, Gas & Consumable Fuels",Energy,Gas
PFC,23-FEB-2007,Financial Institution,Financial Services,Financial Services,Finance
PFIZER,28-APR-1999,Pharmaceuticals,Healthcare,Healthcare,Pharmaceuticals & Biotechnology
PFOCUS,20-JUN-2006,Media & Entertainment,"Media, Entertainment & Publication",Consumer Discretionary,Entertainment
PFS,30-MAR-2011,Non Banking Financial Company (NBFC),Financial Services,Financial Services,Finance
PGEL,26-SEP-2011,Consumer Electronics,Consumer Durables,Consumer Discretionary,Consumer Durables
PGHH,07-JUL-2004,Personal Care,Fast Moving Consumer Goods,Fast Moving Consumer Goods,Personal Products
PGHL,24-APR-1996,Pharmaceuticals,Healthcare,Healthcare,Pharmaceuticals & Biotechnology
PGIL,15-FEB-2007,Garments & Apparels,Textiles,Consumer Discretionary,Textiles & Apparels
PHOENIXLTD,23-APR-2007,"Residential, Commercial Projects",Realty,Consumer Discretionary,Realty
PHOENXINTL,17-AUG-2026,Diversified Commercial Services,Services,Services,Commercial Services & Supplies
PICCADIL,02-JUL-2025,Breweries & Distilleries,Fast Moving Consumer Goods,Fast Moving Consumer Goods,Beverages
PIDILITIND,29-MAR-1995,Specialty Chemicals,Chemicals,Commodities,Chemicals & Petrochemicals
PIGL,17-MAY-2023,Other Electrical Equipment,Capital Goods,Industrials,Electrical Equipment
PIIND,15-JUN-2011,Pesticides & Agrochemicals,Chemicals,Commodities,Fertilizers & Agrochemicals
PILANIINVS,08-DEC-2015,Investment Company,Financial Services,Financial Services,Finance
PILITA,07-OCT-2013,Plastic Products - Consumer,Consumer Durables,Consumer Discretionary,Consumer Durables
PINELABS,14-NOV-2025,Financial Technology (Fintech),Financial Services,Financial Services,Financial Technology (Fintech)
PIONEEREMB,16-MAY-2006,Other Textile Products,Textiles,Consumer Discretionary,Textiles & Apparels
PIONRINV,20-APR-2026,Other Financial Services,Financial Services,Financial Services,Finance
PIRAMALFIN,07-NOV-2025,Housing Finance Company,Financial Services,Financial Services,Finance
PITTIENG,02-FEB-2007,Industrial Products,Capital Goods,Industrials,Industrial Manufacturing
PIXTRANS,28-APR-2022,Rubber,Capital Goods,Industrials,Industrial Products
PKTEA,19-AUG-2015,Tea & Coffee,Fast Moving Consumer Goods,Fast Moving Consumer Goods,Agricultural Food & other Products
PLASTIBLEN,28-DEC-2006,Specialty Chemicals,Chemicals,Commodities,Chemicals & Petrochemicals
PLATIND,05-MAR-2024,Specialty Chemicals,Chemicals,Commodities,Chemicals & Petrochemicals
PLAZACABLE,12-OCT-2023,Cables - Electricals,Capital Goods,Industrials,Industrial Products
PML,20-APR-2026,Other Financial Services,Financial Services,Financial Services,Finance
PNB,24-APR-2002,Public Sector Bank,Financial Services,Financial Services,Banks
PNBGILTS,18-SEP-2000,Investment Company,Financial Services,Financial Services,Finance
PNBHOUSING,07-NOV-2016,Housing Finance Company,Financial Services,Financial Services,Finance
PNC,11-DEC-2000,"Film Production, Distribution & Exhibition","Media, Entertainment & Publication",Consumer Discretionary,Entertainment
PNCINFRA,26-MAY-2015,Civil Construction,Construction,Industrials,Construction
PNGJL,17-SEP-2024,"Gems, Jewellery And Watches",Consumer Durables,Consumer Discretionary,Consumer Durables
PNGSREVA,04-MAR-2026,"Gems, Jewellery And Watches",Consumer Durables,Consumer Discretionary,Consumer Durables
POCL,06-MAR-2023,Diversified Metals,Metals & Mining,Commodities,Diversified Metals
PODDARMENT,22-NOV-2016,Dyes And Pigments,Chemicals,Commodities,Chemicals & Petrochemicals
POEL,17-AUG-2026,Commodity Chemicals,Chemicals,Commodities,Chemicals & Petrochemicals
POKARNA,07-JUL-2016,Granites & Marbles,Consumer Durables,Consumer Discretionary,Consumer Durables
POLICYBZR,15-NOV-2021,Financial Technology (Fintech),Financial Services,Financial Services,Financial Technology (Fintech)
POLYCAB,16-APR-2019,Cables - Electricals,Capital Goods,Industrials,Industrial Products
POLYMED,07-DEC-2011,Medical Equipment & Supplies,Healthcare,Healthcare,Healthcare Equipment & Supplies
POLYPLEX,11-APR-2003,Packaging,Capital Goods,Industrials,Industrial Products
POLYSPIN,17-AUG-2026,Packaging,Capital Goods,Industrials,Industrial Products
PONNIERODE,16-APR-2002,Sugar,Fast Moving Consumer Goods,Fast Moving Consumer Goods,Agricultural Food & other Products
POONAWALLA,27-APR-2004,Non Banking Financial Company (NBFC),Financial Services,Financial Services,Finance
POWERGRID,05-OCT-2007,Power - Transmission,Power,Utilities,Power
POWERICA,02-APR-2026,Heavy Electrical Equipment,Capital Goods,Industrials,Electrical Equipment
POWERINDIA,30-MAR-2020,Heavy Electrical Equipment,Capital Goods,Industrials,Electrical Equipment
POWERMECH,26-AUG-2015,Civil Construction,Construction,Industrials,Construction
PPAP,11-JAN-2008,Auto Components & Equipments,Automobile and Auto Components,Consumer Discretionary,Auto Components
PPL,14-JUN-2019,Plastic Products - Industrial,Capital Goods,Industrials,Industrial Products
PPLPHARMA,19-OCT-2022,Pharmaceuticals,Healthcare,Healthcare,Pharmaceuticals & Biotechnology
PRABHA,19-MAR-2025,Oil Exploration & Production,"Oil, Gas & Consumable Fuels",Energy,Oil
PRADPME,20-APR-2026,Auto Components & Equipments,Automobile and Auto Components,Consumer Discretionary,Auto Components
PRAENG,02-JAN-2007,"Residential, Commercial Projects",Realty,Consumer Discretionary,Realty
PRAJIND,11-OCT-1995,Industrial Products,Capital Goods,Industrials,Industrial Manufacturing
PRAKASH,10-MAY-1995,Iron & Steel,Metals & Mining,Commodities,Ferrous Metals
PRAKASHSTL,25-AUG-2010,Iron & Steel Products,Capital Goods,Industrials,Industrial Products
PRANAV,15-SEP-2026,"Residential, Commercial Projects",Realty,Consumer Discretionary,Realty
PRASOLCHEM,16-SEP-2026,Specialty Chemicals,Chemicals,Commodities,Chemicals & Petrochemicals
PRAVEG,20-APR-2026,Hotels & Resorts,Consumer Services,Consumer Discretionary,Leisure Services
PRAXIS,31-JAN-2018,Speciality Retail,Consumer Services,Consumer Discretionary,Retailing
PRECAM,08-FEB-2016,Auto Components & Equipments,Automobile and Auto Components,Consumer Discretionary,Auto Components
PRECOT,19-AUG-2005,Other Textile Products,Textiles,Consumer Discretionary,Textiles & Apparels
PRECWIRE,06-SEP-1995,"Aluminium, Copper & Zinc Products",Capital Goods,Industrials,Industrial Products
PREMCO,20-APR-2026,Other Textile Products,Textiles,Consumer Discretionary,Textiles & Apparels
PREMEXPLN,17-JUN-2016,Explosives,Chemicals,Commodities,Chemicals & Petrochemicals
PREMIER,03-APR-1996,Industrial Products,Capital Goods,Industrials,Industrial Manufacturing
PREMIERENE,03-SEP-2024,Other Electrical Equipment,Capital Goods,Industrials,Electrical Equipment
PREMIERPOL,13-DEC-1995,Plastic Products - Industrial,Capital Goods,Industrials,Industrial Products
PRESTIGE,27-OCT-2010,"Residential, Commercial Projects",Realty,Consumer Discretionary,Realty
PRICOLLTD,10-FEB-2017,Auto Components & Equipments,Automobile and Auto Components,Consumer Discretionary,Auto Components
PRIMESECU,17-JUN-2005,Other Financial Services,Financial Services,Financial Services,Finance
PRIMO,22-APR-2025,Commodity Chemicals,Chemicals,Commodities,Chemicals & Petrochemicals
PRINCEPIPE,30-DEC-2019,Plastic Products - Industrial,Capital Goods,Industrials,Industrial Products
PRIORITY,04-SEP-2026,"Gems, Jewellery And Watches",Consumer Durables,Consumer Discretionary,Consumer Durables
PRISMX,17-AUG-2026,Trading & Distributors,Services,Services,Commercial Services & Supplies
PRITI,02-MAR-2022,"Furniture, Home Furnishing",Consumer Durables,Consumer Discretionary,Consumer Durables
PRITIKAUTO,10-AUG-2021,Auto Components & Equipments,Automobile and Auto Components,Consumer Discretionary,Auto Components
PRIVISCL,08-MAY-2015,Specialty Chemicals,Chemicals,Commodities,Chemicals & Petrochemicals
PROSTARM,03-JUN-2025,Other Electrical Equipment,Capital Goods,Industrials,Electrical Equipment
PROTEAN,06-FEB-2025,IT Enabled Services,Information Technology,Information Technology,IT - Services
PROZONER,12-SEP-2012,"Residential, Commercial Projects",Realty,Consumer Discretionary,Realty
PRSMJOHNSN,20-AUG-2003,Cement & Cement Products,Construction Materials,Commodities,Cement & Cement Products
PRUDENT,20-MAY-2022,Financial Products Distributor,Financial Services,Financial Services,Capital Markets
PRUDMOULI,10-MAY-1995,Sugar,Fast Moving Consumer Goods,Fast Moving Consumer Goods,Agricultural Food & other Products
PSB,30-DEC-2010,Public Sector Bank,Financial Services,Financial Services,Banks
PSPPROJECT,29-MAY-2017,Civil Construction,Construction,Industrials,Construction
PTC,07-APR-2004,Power Trading,Power,Utilities,Power
PTCIL,09-JUN-2023,Castings & Forgings,Capital Goods,Industrials,Industrial Products
PTL,29-JAN-2007,Diversified Commercial Services,Services,Services,Commercial Services & Supplies
PUNJABCHEM,08-MAR-2007,Pesticides & Agrochemicals,Chemicals,Commodities,Fertilizers & Agrochemicals
PURVA,30-AUG-2007,"Residential, Commercial Projects",Realty,Consumer Discretionary,Realty
PVP,03-APR-1996,"Residential, Commercial Projects",Realty,Consumer Discretionary,Realty
PVRINOX,04-JAN-2006,"Film Production, Distribution & Exhibition","Media, Entertainment & Publication",Consumer Discretionary,Entertainment
PVSL,19-MAR-2024,Auto Dealer,Automobile and Auto Components,Consumer Discretionary,Automobiles
PWL,18-NOV-2025,E-Learning,Consumer Services,Consumer Discretionary,Other Consumer Services
PYRAMID,29-AUG-2023,Packaging,Capital Goods,Industrials,Industrial Products
QMSMEDI,18-JUN-2026,Medical Equipment & Supplies,Healthcare,Healthcare,Healthcare Equipment & Supplies
QPOWER,24-FEB-2025,Heavy Electrical Equipment,Capital Goods,Industrials,Electrical Equipment
QUADFUTURE,14-JAN-2025,Cables - Electricals,Capital Goods,Industrials,Industrial Products
QUESS,12-JUL-2016,Diversified Commercial Services,Services,Services,Commercial Services & Supplies
QUICKHEAL,18-FEB-2016,Software Products,Information Technology,Information Technology,IT - Software
QUINT,20-APR-2026,Electronic Media,"Media, Entertainment & Publication",Consumer Discretionary,Media
QUINTEGRA,20-DEC-2000,Computers - Software & Consulting,Information Technology,Information Technology,IT - Software
RACE,09-MAY-2023,Waste Management,Utilities,Utilities,Other Utilities
RACLGEAR,27-NOV-2024,Auto Components & Equipments,Automobile and Auto Components,Consumer Discretionary,Auto Components
RADAAN,27-FEB-2003,Media & Entertainment,"Media, Entertainment & Publication",Consumer Discretionary,Entertainment
RADHIKAJWE,18-JUL-2022,"Gems, Jewellery And Watches",Consumer Durables,Consumer Discretionary,Consumer Durables
RADIANTCMS,04-JAN-2023,Diversified Commercial Services,Services,Services,Commercial Services & Supplies
RADICO,18-JUN-2003,Breweries & Distilleries,Fast Moving Consumer Goods,Fast Moving Consumer Goods,Beverages
RADIOCITY,17-MAR-2017,Media & Entertainment,"Media, Entertainment & Publication",Consumer Discretionary,Entertainment
RAILTEL,26-FEB-2021,Other Telecom Services,Telecommunication,Telecommunication,Telecom - Services
RAIN,03-MAR-2008,Petrochemicals,Chemicals,Commodities,Chemicals & Petrochemicals
RAINBOW,10-MAY-2022,Hospital,Healthcare,Healthcare,Healthcare Services
RAJESHEXPO,09-FEB-2000,"Gems, Jewellery And Watches",Consumer Durables,Consumer Discretionary,Consumer Durables
RAJMET,16-FEB-2021,"Aluminium, Copper & Zinc Products",Capital Goods,Industrials,Industrial Products
RAJOOENG,29-MAY-2025,Industrial Products,Capital Goods,Industrials,Industrial Manufacturing
RAJPALAYAM,20-APR-2026,Other Textile Products,Textiles,Consumer Discretionary,Textiles & Apparels
RAJRATAN,22-MAY-2020,Auto Components & Equipments,Automobile and Auto Components,Consumer Discretionary,Auto Components
RAJRILTD,16-MAR-2022,Other Textile Products,Textiles,Consumer Discretionary,Textiles & Apparels
RAJSREESUG,29-MAR-1995,Sugar,Fast Moving Consumer Goods,Fast Moving Consumer Goods,Agricultural Food & other Products
RAJTV,16-MAR-2007,TV Broadcasting & Software Production,"Media, Entertainment & Publication",Consumer Discretionary,Entertainment
RALLIS,01-APR-1999,Pesticides & Agrochemicals,Chemicals,Commodities,Fertilizers & Agrochemicals
RAMANEWS,20-SEP-2006,Paper & Paper Products,Forest Materials,Commodities,"Paper, Forest & Jute Products"
RAMAPHO,05-AUG-2022,Fertilizers,Chemicals,Commodities,Fertilizers & Agrochemicals
RAMASTEEL,19-AUG-2015,Iron & Steel Products,Capital Goods,Industrials,Industrial Products
RAMBHAJO,01-JUL-2026,"Gems, Jewellery And Watches",Consumer Durables,Consumer Discretionary,Consumer Durables
RAMCOCEM,09-APR-1997,Cement & Cement Products,Construction Materials,Commodities,Cement & Cement Products
RAMCOIND,06-NOV-1996,Other Construction Materials,Construction Materials,Commodities,Other Construction Materials
RAMCOSYS,12-APR-2000,Software Products,Information Technology,Information Technology,IT - Software
RAMKY,08-OCT-2010,Civil Construction,Construction,Industrials,Construction
RAMRAT,29-JUL-2022,Other Electrical Equipment,Capital Goods,Industrials,Electrical Equipment
RANASUG,24-FEB-2005,Sugar,Fast Moving Consumer Goods,Fast Moving Consumer Goods,Agricultural Food & other Products
RANEHOLDIN,24-SEP-1997,Holding Company,Financial Services,Financial Services,Finance
RATEGAIN,17-DEC-2021,Computers - Software & Consulting,Information Technology,Information Technology,IT - Software
RATNAMANI,09-MAY-2006,Iron & Steel Products,Capital Goods,Industrials,Industrial Products
RATNAVEER,11-SEP-2023,Iron & Steel Products,Capital Goods,Industrials,Industrial Products
RAYMOND,18-OCT-1995,Industrial Products,Capital Goods,Industrials,Industrial Manufacturing
RAYMONDLSL,05-SEP-2024,Other Textile Products,Textiles,Consumer Discretionary,Textiles & Apparels
RAYMONDREL,01-JUL-2025,"Residential, Commercial Projects",Realty,Consumer Discretionary,Realty
RBA,14-DEC-2020,Restaurants,Consumer Services,Consumer Discretionary,Leisure Services
RBLBANK,31-AUG-2016,Private Sector Bank,Financial Services,Financial Services,Banks
RBZJEWEL,27-DEC-2023,"Gems, Jewellery And Watches",Consumer Durables,Consumer Discretionary,Consumer Durables
RCF,07-JAN-1998,Fertilizers,Chemicals,Commodities,Fertilizers & Agrochemicals
RCOM,06-MAR-2006,Telecom - Cellular & Fixed line services,Telecommunication,Telecommunication,Telecom - Services
RECLTD,12-MAR-2008,Financial Institution,Financial Services,Financial Services,Finance
REDINGTON,15-FEB-2007,Trading & Distributors,Services,Services,Commercial Services & Supplies
REDTAPE,11-AUG-2023,Footwear,Consumer Durables,Consumer Discretionary,Consumer Durables
REFEX,03-DEC-2009,Waste Management,Utilities,Utilities,Other Utilities
REGAAL,20-AUG-2025,Other Agricultural Products,Fast Moving Consumer Goods,Fast Moving Consumer Goods,Agricultural Food & other Products
REGENCERAM,05-JUN-1996,Ceramics,Consumer Durables,Consumer Discretionary,Consumer Durables
RELAXO,17-JUN-2011,Footwear,Consumer Durables,Consumer Discretionary,Consumer Durables
RELCHEMQ,25-MAY-2022,Other Textile Products,Textiles,Consumer Discretionary,Textiles & Apparels
RELIABLE,10-JUL-2024,Other Financial Services,Financial Services,Financial Services,Finance
RELIANCE,29-NOV-1995,Refineries & Marketing,"Oil, Gas & Consumable Fuels",Energy,Petroleum Products
RELIGARE,21-NOV-2007,Investment Company,Financial Services,Financial Services,Finance
RELINFRA,08-FEB-1995,Integrated Power Utilities,Power,Utilities,Power
RELTD,30-JUL-2024,Other Electrical Equipment,Capital Goods,Industrials,Electrical Equipment
REMSONSIND,31-JAN-1996,Auto Components & Equipments,Automobile and Auto Components,Consumer Discretionary,Auto Components
RENTOMOJO,17-SEP-2026,E-Retail/ E-Commerce,Consumer Services,Consumer Discretionary,Retailing
RENUKA,31-OCT-2005,Sugar,Fast Moving Consumer Goods,Fast Moving Consumer Goods,Agricultural Food & other Products
REPCOHOME,01-APR-2013,Housing Finance Company,Financial Services,Financial Services,Finance
REPL,14-DEC-2020,Civil Construction,Construction,Industrials,Construction
REPRO,22-DEC-2005,Printing & Publication,"Media, Entertainment & Publication",Consumer Discretionary,Printing & Publication
RESPONIND,29-OCT-2010,"Furniture, Home Furnishing",Consumer Durables,Consumer Discretionary,Consumer Durables
RETAIL,26-JUN-2024,Diversified Retail,Consumer Services,Consumer Discretionary,Retailing
RGL,12-DEC-2007,"Gems, Jewellery And Watches",Consumer Durables,Consumer Discretionary,Consumer Durables
RHETAN,26-SEP-2025,Iron & Steel Products,Capital Goods,Industrials,Industrial Products
RHFL,22-SEP-2017,Housing Finance Company,Financial Services,Financial Services,Finance
RHIM,12-MAR-2012,Electrodes & Refractories,Capital Goods,Industrials,Industrial Products
RHL,25-APR-2023,Hotels & Resorts,Consumer Services,Consumer Discretionary,Leisure Services
RICOAUTO,12-MAY-2003,Auto Components & Equipments,Automobile and Auto Components,Consumer Discretionary,Auto Components
RIIL,29-NOV-1995,Logistics Solution Provider,Services,Services,Transport Services
RIR,16-JUL-2026,Other Electrical Equipment,Capital Goods,Industrials,Electrical Equipment
RISHABH,11-SEP-2023,Other Electrical Equipment,Capital Goods,Industrials,Electrical Equipment
RITCO,12-APR-2022,Logistics Solution Provider,Services,Services,Transport Services
RITES,02-JUL-2018,Civil Construction,Construction,Industrials,Construction
RKDL,27-DEC-2010,Breweries & Distilleries,Fast Moving Consumer Goods,Fast Moving Consumer Goods,Beverages
RKEC,18-DEC-2020,Civil Construction,Construction,Industrials,Construction
RKFORGE,05-MAY-2004,Auto Components & Equipments,Automobile and Auto Components,Consumer Discretionary,Auto Components
RKSWAMY,12-MAR-2024,Advertising & Media Agencies,"Media, Entertainment & Publication",Consumer Discretionary,Media
RMC,01-APR-2026,Other Electrical Equipment,Capital Goods,Industrials,Electrical Equipment
RMDRIP,30-JUL-2025,Plastic Products - Industrial,Capital Goods,Industrials,Industrial Products
RML,30-AUG-2005,Auto Components & Equipments,Automobile and Auto Components,Consumer Discretionary,Auto Components
RNBDENIMS,04-SEP-2025,Other Textile Products,Textiles,Consumer Discretionary,Textiles & Apparels
ROHLTD,06-FEB-2006,Hotels & Resorts,Consumer Services,Consumer Discretionary,Leisure Services
ROLEXRINGS,09-AUG-2021,Auto Components & Equipments,Automobile and Auto Components,Consumer Discretionary,Auto Components
ROLLT,22-NOV-2016,Packaging,Capital Goods,Industrials,Industrial Products
ROML,06-OCT-2020,Edible Oil,Fast Moving Consumer Goods,Fast Moving Consumer Goods,Agricultural Food & other Products
ROSSARI,23-JUL-2020,Specialty Chemicals,Chemicals,Commodities,Chemicals & Petrochemicals
ROSSELLIND,25-SEP-2012,Tea & Coffee,Fast Moving Consumer Goods,Fast Moving Consumer Goods,Agricultural Food & other Products
ROSSTECH,09-DEC-2024,Aerospace & Defense,Capital Goods,Industrials,Aerospace & Defense
ROTO,21-APR-2022,"Compressors, Pumps & Diesel Engines",Capital Goods,Industrials,Industrial Products
ROUTE,21-SEP-2020,Other Telecom Services,Telecommunication,Telecommunication,Telecom - Services
RPEL,08-AUG-2024,Electrodes & Refractories,Capital Goods,Industrials,Industrial Products
RPGLIFE,10-JUN-2008,Pharmaceuticals,Healthcare,Healthcare,Pharmaceuticals & Biotechnology
RPOWER,11-FEB-2008,Power Generation,Power,Utilities,Power
RPPINFRA,06-DEC-2010,Civil Construction,Construction,Industrials,Construction
RPPL,26-NOV-2021,Packaging,Capital Goods,Industrials,Industrial Products
RPSGVENT,25-JAN-2019,Business Process Outsourcing (BPO)/ Knowledge Process Outsourcing (KPO),Services,Services,Commercial Services & Supplies
RPTECH,14-FEB-2024,Computers Hardware & Equipments,Information Technology,Information Technology,IT - Hardware
RRECL,17-AUG-2026,"Residential, Commercial Projects",Realty,Consumer Discretionary,Realty
RRIL,20-APR-2026,Other Textile Products,Textiles,Consumer Discretionary,Textiles & Apparels
RRKABEL,20-SEP-2023,Cables - Electricals,Capital Goods,Industrials,Industrial Products
RSDFIN,20-APR-2026,Non Banking Financial Company (NBFC),Financial Services,Financial Services,Finance
RSL,19-MAR-2026,Iron & Steel Products,Capital Goods,Industrials,Industrial Products
RSSOFTWARE,19-MAY-1999,Computers - Software & Consulting,Information Technology,Information Technology,IT - Software
RSWM,15-FEB-1995,Other Textile Products,Textiles,Consumer Discretionary,Textiles & Apparels
RSYSTEMS,26-APR-2006,IT Enabled Services,Information Technology,Information Technology,IT - Services
RTNINDIA,30-JUL-2012,E-Retail/ E-Commerce,Consumer Services,Consumer Discretionary,Retailing
RTNPOWER,30-OCT-2009,Power Generation,Power,Utilities,Power
RTSPOWR,17-AUG-2026,Other Electrical Equipment,Capital Goods,Industrials,Electrical Equipment
RUBFILA,08-AUG-2024,Rubber,Capital Goods,Industrials,Industrial Products
RUBICON,16-OCT-2025,Pharmaceuticals,Healthcare,Healthcare,Pharmaceuticals & Biotechnology
RUBYMILLS,29-MAR-1995,Other Textile Products,Textiles,Consumer Discretionary,Textiles & Apparels
RUCHINFRA,16-OCT-1996,Diversified Commercial Services,Services,Services,Commercial Services & Supplies
RUCHIRA,20-DEC-2006,Paper & Paper Products,Forest Materials,Commodities,"Paper, Forest & Jute Products"
RUDRA,19-DEC-2025,Iron & Steel Products,Capital Goods,Industrials,Industrial Products
RUPA,07-DEC-2011,Garments & Apparels,Textiles,Consumer Discretionary,Textiles & Apparels
RUSHIL,07-JUL-2011,Plywood Boards/ Laminates,Consumer Durables,Consumer Discretionary,Consumer Durables
RUSTOMJEE,24-NOV-2022,"Residential, Commercial Projects",Realty,Consumer Discretionary,Realty
RVHL,18-DEC-2020,"Residential, Commercial Projects",Realty,Consumer Discretionary,Realty
RVNL,11-APR-2019,Civil Construction,Construction,Industrials,Construction
RVTH,11-SEP-2024,Industrial Products,Capital Goods,Industrials,Industrial Manufacturing
S&SPOWER,27-SEP-1995,Other Electrical Equipment,Capital Goods,Industrials,Electrical Equipment
SAATVIKGL,26-SEP-2025,Other Electrical Equipment,Capital Goods,Industrials,Electrical Equipment
SAB,17-AUG-2026,Civil Construction,Construction,Industrials,Construction
SADBHAV,01-MAR-2006,Civil Construction,Construction,Industrials,Construction
SADBHIN,16-SEP-2015,Civil Construction,Construction,Industrials,Construction
SADHNANIQ,05-MAY-2023,Commodity Chemicals,Chemicals,Commodities,Chemicals & Petrochemicals
SAFARI,12-SEP-2019,Plastic Products - Consumer,Consumer Durables,Consumer Discretionary,Consumer Durables
SAGARDEEP,25-JAN-2019,"Aluminium, Copper & Zinc Products",Capital Goods,Industrials,Industrial Products
SAGCEM,29-JAN-2007,Cement & Cement Products,Construction Materials,Commodities,Cement & Cement Products
SAGILITY,12-NOV-2024,IT Enabled Services,Information Technology,Information Technology,IT - Services
SAHLIBHFI,10-APR-2026,Non Banking Financial Company (NBFC),Financial Services,Financial Services,Finance
SAHYADRI,06-APR-2023,Other Construction Materials,Construction Materials,Commodities,Other Construction Materials
SAICAPI,17-AUG-2026,Diversified Commercial Services,Services,Services,Commercial Services & Supplies
SAIL,06-JUL-1995,Iron & Steel,Metals & Mining,Commodities,Ferrous Metals
SAILIFE,18-DEC-2024,Pharmaceuticals,Healthcare,Healthcare,Pharmaceuticals & Biotechnology
SAIPARENT,02-APR-2026,Pharmaceuticals,Healthcare,Healthcare,Pharmaceuticals & Biotechnology
SAKAR,11-APR-2019,Pharmaceuticals,Healthcare,Healthcare,Pharmaceuticals & Biotechnology
SAKHTISUG,06-SEP-1995,Sugar,Fast Moving Consumer Goods,Fast Moving Consumer Goods,Agricultural Food & other Products
SAKSOFT,09-MAY-2005,Computers - Software & Consulting,Information Technology,Information Technology,IT - Software
SAKUMA,08-MAR-2006,Trading & Distributors,Services,Services,Commercial Services & Supplies
SALASAR,25-JUL-2017,Industrial Products,Capital Goods,Industrials,Industrial Manufacturing
SALONA,16-JUN-2016,Other Textile Products,Textiles,Consumer Discretionary,Textiles & Apparels
SALSTEEL,24-NOV-2004,Sponge Iron,Metals & Mining,Commodities,Ferrous Metals
SALZERELEC,02-DEC-2015,Other Electrical Equipment,Capital Goods,Industrials,Electrical Equipment
SAMBANDAM,17-AUG-2026,Other Textile Products,Textiles,Consumer Discretionary,Textiles & Apparels
SAMBHAAV,05-JUN-1996,Electronic Media,"Media, Entertainment & Publication",Consumer Discretionary,Media
SAMBHV,02-JUL-2025,Iron & Steel Products,Capital Goods,Industrials,Industrial Products
SAMHI,22-SEP-2023,Hotels & Resorts,Consumer Services,Consumer Discretionary,Leisure Services
SAMMAANCAP,23-JUL-2013,Housing Finance Company,Financial Services,Financial Services,Finance
SAMPANN,27-JUL-2012,Rubber,Capital Goods,Industrials,Industrial Products
SANATHAN,27-DEC-2024,Other Textile Products,Textiles,Consumer Discretionary,Textiles & Apparels
SANDESH,26-NOV-2002,Print Media,"Media, Entertainment & Publication",Consumer Discretionary,Media
SANDHAR,02-APR-2018,Auto Components & Equipments,Automobile and Auto Components,Consumer Discretionary,Auto Components
SANDUMA,07-SEP-2023,Iron & Steel,Metals & Mining,Commodities,Ferrous Metals
SANGAMIND,17-JUL-1996,Other Textile Products,Textiles,Consumer Discretionary,Textiles & Apparels
SANGHVIMOV,24-JAN-2007,Diversified Commercial Services,Services,Services,Commercial Services & Supplies
SANOFI,19-MAY-2003,Pharmaceuticals,Healthcare,Healthcare,Pharmaceuticals & Biotechnology
SANOFICONR,13-SEP-2024,Pharmaceuticals,Healthcare,Healthcare,Pharmaceuticals & Biotechnology
SANSERA,24-SEP-2021,Auto Components & Equipments,Automobile and Auto Components,Consumer Discretionary,Auto Components
SANSTAR,26-JUL-2024,Other Agricultural Products,Fast Moving Consumer Goods,Fast Moving Consumer Goods,Agricultural Food & other Products
SANWARIA,27-MAR-2006,Other Food Products,Fast Moving Consumer Goods,Fast Moving Consumer Goods,Food Products
SAPPHIRE,18-NOV-2021,Restaurants,Consumer Services,Consumer Discretionary,Leisure Services
SAPPL,20-APR-2026,Paper & Paper Products,Forest Materials,Commodities,"Paper, Forest & Jute Products"
SARDAEN,03-DEC-2009,Iron & Steel,Metals & Mining,Commodities,Ferrous Metals
SAREGAMA,30-JUL-1997,Media & Entertainment,"Media, Entertainment & Publication",Consumer Discretionary,Entertainment
SARLAPOLY,19-JAN-2007,Other Textile Products,Textiles,Consumer Discretionary,Textiles & Apparels
SARVESHWAR,08-DEC-2022,Other Agricultural Products,Fast Moving Consumer Goods,Fast Moving Consumer Goods,Agricultural Food & other Products
SASKEN,09-SEP-2005,IT Enabled Services,Information Technology,Information Technology,IT - Services
SATIA,17-JUL-2019,Paper & Paper Products,Forest Materials,Commodities,"Paper, Forest & Jute Products"
SATIN,26-AUG-2015,Microfinance Institutions,Financial Services,Financial Services,Finance
SAURASHCEM,27-FEB-2024,Cement & Cement Products,Construction Materials,Commodities,Cement & Cement Products
SAYAJIHOTL,20-APR-2026,Hotels & Resorts,Consumer Services,Consumer Discretionary,Leisure Services
SAYAJIIND,17-AUG-2026,Other Agricultural Products,Fast Moving Consumer Goods,Fast Moving Consumer Goods,Agricultural Food & other Products
SBC,23-NOV-2021,Garments & Apparels,Textiles,Consumer Discretionary,Textiles & Apparels
SBCL,24-JUN-2021,Iron & Steel Products,Capital Goods,Industrials,Industrial Products
SBFC,16-AUG-2023,Non Banking Financial Company (NBFC),Financial Services,Financial Services,Finance
SBGLP,10-FEB-2023,"Residential, Commercial Projects",Realty,Consumer Discretionary,Realty
SBICARD,16-MAR-2020,Non Banking Financial Company (NBFC),Financial Services,Financial Services,Finance
SBIFUNDS,21-JUL-2026,Asset Management Company,Financial Services,Financial Services,Capital Markets
SBILIFE,03-OCT-2017,Life Insurance,Financial Services,Financial Services,Insurance
SBIN,01-MAR-1995,Public Sector Bank,Financial Services,Financial Services,Banks
SCANSTL,20-APR-2026,Iron & Steel,Metals & Mining,Commodities,Ferrous Metals
SCHAEFFLER,29-NOV-2000,Auto Components & Equipments,Automobile and Auto Components,Consumer Discretionary,Auto Components
SCHAND,09-MAY-2017,Printing & Publication,"Media, Entertainment & Publication",Consumer Discretionary,Printing & Publication
SCHNEIDER,20-MAR-2012,Heavy Electrical Equipment,Capital Goods,Industrials,Electrical Equipment
SCI,13-AUG-1997,Shipping,Services,Services,Transport Services
SCILAL,19-MAR-2024,Investment Company,Financial Services,Financial Services,Finance
SCODATUBES,04-JUN-2025,Iron & Steel Products,Capital Goods,Industrials,Industrial Products
SCPL,22-NOV-2022,Dairy Products,Fast Moving Consumer Goods,Fast Moving Consumer Goods,Food Products
SDBL,18-MAR-2014,Breweries & Distilleries,Fast Moving Consumer Goods,Fast Moving Consumer Goods,Beverages
SEAMECLTD,28-JUN-1995,Shipping,Services,Services,Transport Services
SECMARK,16-OCT-2023,Computers - Software & Consulting,Information Technology,Information Technology,IT - Software
SECURKLOUD,29-JAN-2014,IT Enabled Services,Information Technology,Information Technology,IT - Services
SEDEMAC,11-MAR-2026,Auto Components & Equipments,Automobile and Auto Components,Consumer Discretionary,Auto Components
SEIL,20-APR-2026,Education,Consumer Services,Consumer Discretionary,Other Consumer Services
SEJALLTD,13-DEC-2021,Glass - Industrial,Capital Goods,Industrials,Industrial Products
SEKURITIND,17-AUG-2026,Auto Components & Equipments,Automobile and Auto Components,Consumer Discretionary,Auto Components
SEMAC,11-AUG-2005,Civil Construction,Construction,Industrials,Construction
SENCO,14-JUL-2023,"Gems, Jewellery And Watches",Consumer Durables,Consumer Discretionary,Consumer Durables
SENORES,30-DEC-2024,Pharmaceuticals,Healthcare,Healthcare,Pharmaceuticals & Biotechnology
SEPC,20-FEB-2008,Civil Construction,Construction,Industrials,Construction
SERVOTECH,02-SEP-2021,Other Electrical Equipment,Capital Goods,Industrials,Electrical Equipment
SESHAPAPER,29-MAR-1995,Paper & Paper Products,Forest Materials,Commodities,"Paper, Forest & Jute Products"
SETCO,01-JUL-2016,Auto Components & Equipments,Automobile and Auto Components,Consumer Discretionary,Auto Components
SETL,13-JAN-2025,Industrial Products,Capital Goods,Industrials,Industrial Manufacturing
SETUINFRA,04-OCT-2011,Civil Construction,Construction,Industrials,Construction
SEYAIND,11-JUL-2019,Specialty Chemicals,Chemicals,Commodities,Chemicals & Petrochemicals
SFL,09-DEC-2016,"Furniture, Home Furnishing",Consumer Durables,Consumer Discretionary,Consumer Durables
SGFIN,05-AUG-2025,Non Banking Financial Company (NBFC),Financial Services,Financial Services,Finance
SGIL,28-JUL-2021,Castings & Forgings,Capital Goods,Industrials,Industrial Products
SGL,10-APR-2006,Other Textile Products,Textiles,Consumer Discretionary,Textiles & Apparels
SGLRES,17-AUG-2026,IT Enabled Services,Information Technology,Information Technology,IT - Services
SGMART,12-SEP-2025,Trading - Metals,Metals & Mining,Commodities,Metals & Minerals Trading
SGRL,17-AUG-2026,Pharmaceuticals,Healthcare,Healthcare,Pharmaceuticals & Biotechnology
SHADOWFAX,28-JAN-2026,Logistics Solution Provider,Services,Services,Transport Services
SHAH,27-OCT-2010,Iron & Steel Products,Capital Goods,Industrials,Industrial Products
SHAHALLOYS,16-JUN-2005,Iron & Steel Products,Capital Goods,Industrials,Industrial Products
SHAILY,04-APR-2022,Plastic Products - Consumer,Consumer Durables,Consumer Discretionary,Consumer Durables
SHAKTIPUMP,29-JAN-2015,"Compressors, Pumps & Diesel Engines",Capital Goods,Industrials,Industrial Products
SHALBY,15-DEC-2017,Hospital,Healthcare,Healthcare,Healthcare Services
SHALPAINTS,03-MAR-2008,Paints,Consumer Durables,Consumer Discretionary,Consumer Durables
SHANKARA,05-APR-2017,Speciality Retail,Consumer Services,Consumer Discretionary,Retailing
SHANKESH,25-AUG-2026,"Gems, Jewellery And Watches",Consumer Durables,Consumer Discretionary,Consumer Durables
SHANTI,16-SEP-2021,Edible Oil,Fast Moving Consumer Goods,Fast Moving Consumer Goods,Agricultural Food & other Products
SHANTIGEAR,17-JAN-1996,Industrial Products,Capital Goods,Industrials,Industrial Manufacturing
SHANTIGOLD,01-AUG-2025,"Gems, Jewellery And Watches",Consumer Durables,Consumer Discretionary,Consumer Durables
SHARDACROP,23-SEP-2014,Pesticides & Agrochemicals,Chemicals,Commodities,Fertilizers & Agrochemicals
SHARDAMOTR,03-SEP-2015,Auto Components & Equipments,Automobile and Auto Components,Consumer Discretionary,Auto Components
SHARDUL,20-APR-2026,Stockbroking & Allied,Financial Services,Financial Services,Capital Markets
SHAREINDIA,21-SEP-2020,Stockbroking & Allied,Financial Services,Financial Services,Capital Markets
SHBAJRG,20-APR-2026,Iron & Steel Products,Capital Goods,Industrials,Industrial Products
SHEKHAWATI,12-JAN-2011,Other Textile Products,Textiles,Consumer Discretionary,Textiles & Apparels
SHEMAROO,01-OCT-2014,Media & Entertainment,"Media, Entertainment & Publication",Consumer Discretionary,Entertainment
SHERVANI,17-AUG-2026,"Residential, Commercial Projects",Realty,Consumer Discretionary,Realty
SHILCTECH,24-NOV-2025,Other Electrical Equipment,Capital Goods,Industrials,Electrical Equipment
SHILGRAVQ,17-AUG-2026,"Aluminium, Copper & Zinc Products",Capital Goods,Industrials,Industrial Products
SHILPAMED,03-DEC-2009,Pharmaceuticals,Healthcare,Healthcare,Pharmaceuticals & Biotechnology
SHINDL,20-APR-2026,Seafood,Fast Moving Consumer Goods,Fast Moving Consumer Goods,Food Products
SHIPROCKET,19-AUG-2026,E-Retail/ E-Commerce,Consumer Services,Consumer Discretionary,Retailing
SHIVAAGRO,17-AUG-2026,Fertilizers,Chemicals,Commodities,Fertilizers & Agrochemicals
SHIVACEM,17-AUG-2026,Cement & Cement Products,Construction Materials,Commodities,Cement & Cement Products
SHIVALIK,09-DEC-2021,Pesticides & Agrochemicals,Chemicals,Commodities,Fertilizers & Agrochemicals
SHIVAMAUTO,21-NOV-2006,Auto Components & Equipments,Automobile and Auto Components,Consumer Discretionary,Auto Components
SHIVAMILLS,26-FEB-2018,Other Textile Products,Textiles,Consumer Discretionary,Textiles & Apparels
SHIVATEX,26-DEC-2017,Other Textile Products,Textiles,Consumer Discretionary,Textiles & Apparels
SHIVAUM,14-NOV-2025,Trading & Distributors,Services,Services,Commercial Services & Supplies
SHK,16-NOV-2015,Specialty Chemicals,Chemicals,Commodities,Chemicals & Petrochemicals
SHOPERSTOP,23-MAY-2005,Diversified Retail,Consumer Services,Consumer Discretionary,Retailing
SHRADDHA,17-AUG-2026,"Residential, Commercial Projects",Realty,Consumer Discretionary,Realty
SHRADHA,22-OCT-2020,"Residential, Commercial Projects",Realty,Consumer Discretionary,Realty
SHREDIGCEM,28-JAN-2020,Cement & Cement Products,Construction Materials,Commodities,Cement & Cement Products
SHREECEM,26-APR-1995,Cement & Cement Products,Construction Materials,Commodities,Cement & Cement Products
SHREEJISPG,26-AUG-2025,Shipping,Services,Services,Transport Services
SHREEPUSHK,10-SEP-2015,Dyes And Pigments,Chemicals,Commodities,Chemicals & Petrochemicals
SHREERAMA,13-MAR-2000,Packaging,Capital Goods,Industrials,Industrial Products
SHRENIK,02-AUG-2019,Paper & Paper Products,Forest Materials,Commodities,"Paper, Forest & Jute Products"
SHREYANIND,06-NOV-1996,Paper & Paper Products,Forest Materials,Commodities,"Paper, Forest & Jute Products"
SHRIKRISH,20-APR-2026,"Residential, Commercial Projects",Realty,Consumer Discretionary,Realty
SHRINGARMS,17-SEP-2025,"Gems, Jewellery And Watches",Consumer Durables,Consumer Discretionary,Consumer Durables
SHRIPISTON,02-JUN-2016,Auto Components & Equipments,Automobile and Auto Components,Consumer Discretionary,Auto Components
SHRIRAMFIN,11-DEC-1996,Non Banking Financial Company (NBFC),Financial Services,Financial Services,Finance
SHRIRAMPPS,20-DEC-2021,"Residential, Commercial Projects",Realty,Consumer Discretionary,Realty
SHRJAGP,17-AUG-2026,Packaging,Capital Goods,Industrials,Industrial Products
SHUKRAPHAR,14-AUG-2026,Pharmaceuticals,Healthcare,Healthcare,Pharmaceuticals & Biotechnology
SHYAMCENT,28-JUL-2015,Ferro & Silica Manganese,Metals & Mining,Commodities,Ferrous Metals
SHYAMMETL,24-JUN-2021,Iron & Steel Products,Capital Goods,Industrials,Industrial Products
SHYAMTEL,06-NOV-2006,Trading & Distributors,Services,Services,Commercial Services & Supplies
SICAGEN,20-APR-2026,Trading & Distributors,Services,Services,Commercial Services & Supplies
SICALLOG,12-OCT-2023,Logistics Solution Provider,Services,Services,Transport Services
SIEL,17-AUG-2026,Edible Oil,Fast Moving Consumer Goods,Fast Moving Consumer Goods,Agricultural Food & other Products
SIEMENS,06-SEP-1995,Heavy Electrical Equipment,Capital Goods,Industrials,Electrical Equipment
SIGACHI,15-NOV-2021,Pharmaceuticals,Healthcare,Healthcare,Pharmaceuticals & Biotechnology
SIGIND,29-AUG-2018,Trading & Distributors,Services,Services,Commercial Services & Supplies
SIGMA,09-JUN-2023,IT Enabled Services,Information Technology,Information Technology,IT - Services
SIGMAADV,19-JUL-2007,Aerospace & Defense,Capital Goods,Industrials,Aerospace & Defense
SIGNATURE,27-SEP-2023,"Residential, Commercial Projects",Realty,Consumer Discretionary,Realty
SIGNPOST,14-FEB-2024,Advertising & Media Agencies,"Media, Entertainment & Publication",Consumer Discretionary,Media
SIKA,20-APR-2026,Aerospace & Defense,Capital Goods,Industrials,Aerospace & Defense
SIKKO,22-OCT-2021,Pesticides & Agrochemicals,Chemicals,Commodities,Fertilizers & Agrochemicals
SIL,27-JAN-2004,Real Estate related services,Realty,Consumer Discretionary,Realty
SILGO,03-MAR-2021,"Gems, Jewellery And Watches",Consumer Durables,Consumer Discretionary,Consumer Durables
SILINV,22-MAY-1996,Investment Company,Financial Services,Financial Services,Finance
SILVERTUC,12-MAY-2022,Computers - Software & Consulting,Information Technology,Information Technology,IT - Software
SIMBHALS,14-MAR-2016,Sugar,Fast Moving Consumer Goods,Fast Moving Consumer Goods,Agricultural Food & other Products
SIMPLEXINF,09-MAR-2004,Civil Construction,Construction,Industrials,Construction
SIMPLXREA,17-AUG-2026,"Residential, Commercial Projects",Realty,Consumer Discretionary,Realty
SINCLAIR,10-APR-2024,Hotels & Resorts,Consumer Services,Consumer Discretionary,Leisure Services
SINDHUTRAD,20-JUN-2023,Coal,"Oil, Gas & Consumable Fuels",Energy,Consumable Fuels
SINGERIND,19-MAR-2026,Household Appliances,Consumer Durables,Consumer Discretionary,Consumer Durables
SINTERCOM,07-OCT-2020,Auto Components & Equipments,Automobile and Auto Components,Consumer Discretionary,Auto Components
SIRCA,22-JUL-2019,Paints,Consumer Durables,Consumer Discretionary,Consumer Durables
SIS,10-AUG-2017,Other Consumer Services,Consumer Services,Consumer Discretionary,Other Consumer Services
SITINET,10-JAN-2007,TV Broadcasting & Software Production,"Media, Entertainment & Publication",Consumer Discretionary,Entertainment
SIYSIL,29-JAN-2007,Other Textile Products,Textiles,Consumer Discretionary,Textiles & Apparels
SJS,15-NOV-2021,Auto Components & Equipments,Automobile and Auto Components,Consumer Discretionary,Auto Components
SJVN,20-MAY-2010,Power Generation,Power,Utilities,Power
SKFINDIA,27-JAN-1999,Abrasives & Bearings,Capital Goods,Industrials,Industrial Products
SKFINDUS,05-DEC-2025,Abrasives & Bearings,Capital Goods,Industrials,Industrial Products
SKIPPER,27-MAY-2015,Heavy Electrical Equipment,Capital Goods,Industrials,Electrical Equipment
SKMEGGPROD,14-MAR-1997,Meat Products including Poultry,Fast Moving Consumer Goods,Fast Moving Consumer Goods,Food Products
SKYGOLD,06-JAN-2023,"Gems, Jewellery And Watches",Consumer Durables,Consumer Discretionary,Consumer Durables
SKYWAYS,01-SEP-2026,Logistics Solution Provider,Services,Services,Transport Services
SMARTLINK,11-APR-2001,Computers Hardware & Equipments,Information Technology,Information Technology,IT - Hardware
SMARTWORKS,17-JUL-2025,Diversified Commercial Services,Services,Services,Commercial Services & Supplies
SMCGLOBAL,24-FEB-2021,Stockbroking & Allied,Financial Services,Financial Services,Capital Markets
SMLMAH,29-AUG-2003,Commercial Vehicles,Capital Goods,Industrials,"Agricultural, Commercial & Construction Vehicles"
SMLT,25-NOV-2021,Iron & Steel Products,Capital Goods,Industrials,Industrial Products
SMSPHARMA,28-FEB-2007,Pharmaceuticals,Healthcare,Healthcare,Pharmaceuticals & Biotechnology
SNOWMAN,12-SEP-2014,Logistics Solution Provider,Services,Services,Transport Services
SOBHA,20-DEC-2006,"Residential, Commercial Projects",Realty,Consumer Discretionary,Realty
SOFTTECH,25-FEB-2022,Computers - Software & Consulting,Information Technology,Information Technology,IT - Software
SOLARA,27-JUN-2018,Pharmaceuticals,Healthcare,Healthcare,Pharmaceuticals & Biotechnology
SOLARINDS,03-APR-2006,Explosives,Chemicals,Commodities,Chemicals & Petrochemicals
SOLARWORLD,30-SEP-2025,Civil Construction,Construction,Industrials,Construction
SOLEX,08-OCT-2025,Other Electrical Equipment,Capital Goods,Industrials,Electrical Equipment
SOMANYCERA,22-NOV-1995,Ceramics,Consumer Durables,Consumer Discretionary,Consumer Durables
SOMATEX,14-AUG-1996,Other Textile Products,Textiles,Consumer Discretionary,Textiles & Apparels
SOMICONVEY,18-JUL-2016,Industrial Products,Capital Goods,Industrials,Industrial Manufacturing
SONA,24-SEP-2026,Other Textile Products,Textiles,Consumer Discretionary,Textiles & Apparels
SONACOMS,24-JUN-2021,Auto Components & Equipments,Automobile and Auto Components,Consumer Discretionary,Auto Components
SONAL,20-APR-2026,Non Banking Financial Company (NBFC),Financial Services,Financial Services,Finance
SONAMLTD,07-APR-2022,Consumer Electronics,Consumer Durables,Consumer Discretionary,Consumer Durables
SONATSOFTW,28-JUL-1999,Computers - Software & Consulting,Information Technology,Information Technology,IT - Software
SOTL,28-JUN-1995,Lubricants,"Oil, Gas & Consumable Fuels",Energy,Petroleum Products
SOUTHBANK,08-DEC-1998,Private Sector Bank,Financial Services,Financial Services,Banks
SOUTHWEST,18-APR-2019,Diversified Commercial Services,Services,Services,Commercial Services & Supplies
SPAL,12-AUG-2016,Garments & Apparels,Textiles,Consumer Discretionary,Textiles & Apparels
SPANDANA,19-AUG-2019,Microfinance Institutions,Financial Services,Financial Services,Finance
SPARC,18-JUL-2007,Pharmaceuticals,Healthcare,Healthcare,Pharmaceuticals & Biotechnology
SPCENET,10-JAN-2017,Trading & Distributors,Services,Services,Commercial Services & Supplies
SPECIALITY,30-MAY-2012,Restaurants,Consumer Services,Consumer Discretionary,Leisure Services
SPECTRUM,28-MAR-2025,Industrial Products,Capital Goods,Industrials,Industrial Manufacturing
SPENCERS,25-JAN-2019,Diversified Retail,Consumer Services,Consumer Discretionary,Retailing
SPIC,10-JAN-1996,Fertilizers,Chemicals,Commodities,Fertilizers & Agrochemicals
SPLIL,26-JUL-2005,Trading - Textile Products,Textiles,Consumer Discretionary,Textiles & Apparels
SPLPETRO,24-MAY-2022,Petrochemicals,Chemicals,Commodities,Chemicals & Petrochemicals
SPMLINFRA,14-FEB-1996,Civil Construction,Construction,Industrials,Construction
SPORTKING,24-AUG-2022,Other Textile Products,Textiles,Consumer Discretionary,Textiles & Apparels
SRD,09-OCT-2024,Trading - Chemicals,Chemicals,Commodities,Chemicals & Petrochemicals
SREEL,01-JAN-2014,Footwear,Consumer Durables,Consumer Discretionary,Consumer Durables
SRF,18-AUG-2003,Commodity Chemicals,Chemicals,Commodities,Chemicals & Petrochemicals
SRGHFL,21-AUG-2023,Housing Finance Company,Financial Services,Financial Services,Finance
SRHHYPOLTD,08-MAY-2007,Commodity Chemicals,Chemicals,Commodities,Chemicals & Petrochemicals
SRIKPRIND,17-AUG-2026,Plastic Products - Industrial,Capital Goods,Industrials,Industrial Products
SRM,03-APR-2024,Civil Construction,Construction,Industrials,Construction
SRTL,02-MAR-2026,Other Textile Products,Textiles,Consumer Discretionary,Textiles & Apparels
SSDL,20-AUG-2024,Garments & Apparels,Textiles,Consumer Discretionary,Textiles & Apparels
SSRETAIL,23-SEP-2026,Speciality Retail,Consumer Services,Consumer Discretionary,Retailing
SSWL,06-JUN-2005,Auto Components & Equipments,Automobile and Auto Components,Consumer Discretionary,Auto Components
STALLION,23-JAN-2025,Industrial Gases,Chemicals,Commodities,Chemicals & Petrochemicals
STANLEY,28-JUN-2024,"Furniture, Home Furnishing",Consumer Durables,Consumer Discretionary,Consumer Durables
STAR,02-FEB-2000,Pharmaceuticals,Healthcare,Healthcare,Pharmaceuticals & Biotechnology
STARCEMENT,16-JUN-2017,Cement & Cement Products,Construction Materials,Commodities,Cement & Cement Products
STARHEALTH,10-DEC-2021,General Insurance,Financial Services,Financial Services,Insurance
STARPAPER,13-SEP-1995,Paper & Paper Products,Forest Materials,Commodities,"Paper, Forest & Jute Products"
STARTECK,04-MAY-2022,Non Banking Financial Company (NBFC),Financial Services,Financial Services,Finance
STCINDIA,01-APR-2003,Trading & Distributors,Services,Services,Commercial Services & Supplies
STEAMHOUSE,17-SEP-2026,Industrial Gases,Chemicals,Commodities,Chemicals & Petrochemicals
STEELCAS,23-NOV-2021,Castings & Forgings,Capital Goods,Industrials,Industrial Products
STEELCITY,27-JUN-2019,Stockbroking & Allied,Financial Services,Financial Services,Capital Markets
STEELXIND,20-JUL-2017,Iron & Steel Products,Capital Goods,Industrials,Industrial Products
STEL,09-FEB-2011,Investment Company,Financial Services,Financial Services,Finance
STERTOOLS,02-FEB-2006,Auto Components & Equipments,Automobile and Auto Components,Consumer Discretionary,Auto Components
STLNETWORK,04-SEP-2025,Other Telecom Services,Telecommunication,Telecommunication,Telecom - Services
STLSTRINF,17-AUG-2026,"Residential, Commercial Projects",Realty,Consumer Discretionary,Realty
STLTECH,08-DEC-2000,Telecom - Equipment & Accessories,Telecommunication,Telecommunication,Telecom - Equipment & Accessories
STOVEKRAFT,05-FEB-2021,Household Appliances,Consumer Durables,Consumer Discretionary,Consumer Durables
STUDDS,07-NOV-2025,Auto Components & Equipments,Automobile and Auto Components,Consumer Discretionary,Auto Components
STYL,30-SEP-2025,Financial Technology (Fintech),Financial Services,Financial Services,Financial Technology (Fintech)
STYLAMIND,02-AUG-2021,Plywood Boards/ Laminates,Consumer Durables,Consumer Discretionary,Consumer Durables
STYLEBAAZA,06-SEP-2024,Speciality Retail,Consumer Services,Consumer Discretionary,Retailing
STYRENIX,29-MAR-1995,Specialty Chemicals,Chemicals,Commodities,Chemicals & Petrochemicals
SUBEXLTD,05-NOV-2020,Software Products,Information Technology,Information Technology,IT - Software
SUBROS,13-JUL-2005,Other Industrial Products,Capital Goods,Industrials,Industrial Products
SUDARCOLOR,14-JUN-1995,Dyes And Pigments,Chemicals,Commodities,Chemicals & Petrochemicals
SUDARSCHEM,25-MAY-1995,Dyes And Pigments,Chemicals,Commodities,Chemicals & Petrochemicals
SUDEEPPHRM,28-NOV-2025,Pharmaceuticals,Healthcare,Healthcare,Pharmaceuticals & Biotechnology
SUKHJITS,07-NOV-2022,Other Agricultural Products,Fast Moving Consumer Goods,Fast Moving Consumer Goods,Agricultural Food & other Products
SULA,22-DEC-2022,Breweries & Distilleries,Fast Moving Consumer Goods,Fast Moving Consumer Goods,Beverages
SUMEDHA,17-AUG-2026,Other Financial Services,Financial Services,Financial Services,Finance
SUMEETINDS,10-DEC-2010,Other Textile Products,Textiles,Consumer Discretionary,Textiles & Apparels
SUMICHEM,27-JAN-2020,Pesticides & Agrochemicals,Chemicals,Commodities,Fertilizers & Agrochemicals
SUMIT,30-JUL-2019,"Residential, Commercial Projects",Realty,Consumer Discretionary,Realty
SUMMITSEC,28-JAN-2011,Investment Company,Financial Services,Financial Services,Finance
SUNCLAY,29-DEC-2023,Auto Components & Equipments,Automobile and Auto Components,Consumer Discretionary,Auto Components
SUNDARAM,02-JUN-2010,Stationary,Fast Moving Consumer Goods,Fast Moving Consumer Goods,Household Products
SUNDARMFIN,07-JAN-1998,Non Banking Financial Company (NBFC),Financial Services,Financial Services,Finance
SUNDRMBRAK,17-JUL-1996,Auto Components & Equipments,Automobile and Auto Components,Consumer Discretionary,Auto Components
SUNDRMFAST,07-JUN-2000,Auto Components & Equipments,Automobile and Auto Components,Consumer Discretionary,Auto Components
SUNDROP,06-DEC-2002,Packaged Foods,Fast Moving Consumer Goods,Fast Moving Consumer Goods,Food Products
SUNFLAG,29-SEP-2005,Iron & Steel Products,Capital Goods,Industrials,Industrial Products
SUNLOC,17-AUG-2026,Pharmaceuticals,Healthcare,Healthcare,Pharmaceuticals & Biotechnology
SUNPHARMA,08-FEB-1995,Pharmaceuticals,Healthcare,Healthcare,Pharmaceuticals & Biotechnology
SUNRAKSHAK,17-AUG-2026,Other Textile Products,Textiles,Consumer Discretionary,Textiles & Apparels
SUNSHIEL,17-AUG-2026,Specialty Chemicals,Chemicals,Commodities,Chemicals & Petrochemicals
SUNSHINE,25-AUG-2026,"Film Production, Distribution & Exhibition","Media, Entertainment & Publication",Consumer Discretionary,Entertainment
SUNTECK,13-NOV-2009,"Residential, Commercial Projects",Realty,Consumer Discretionary,Realty
SUNTV,24-APR-2006,TV Broadcasting & Software Production,"Media, Entertainment & Publication",Consumer Discretionary,Entertainment
SUPERHOUSE,26-SEP-2014,Leather And Leather Products,Consumer Durables,Consumer Discretionary,Consumer Durables
SUPERSPIN,08-JUL-2004,Other Textile Products,Textiles,Consumer Discretionary,Textiles & Apparels
SUPRAJIT,18-FEB-2005,Auto Components & Equipments,Automobile and Auto Components,Consumer Discretionary,Auto Components
SUPREME,03-FEB-2025,"Residential, Commercial Projects",Realty,Consumer Discretionary,Realty
SUPREMEENG,04-DEC-2020,Iron & Steel Products,Capital Goods,Industrials,Industrial Products
SUPREMEIND,19-JUL-1995,Plastic Products - Industrial,Capital Goods,Industrials,Industrial Products
SUPREMEINF,18-OCT-2007,Civil Construction,Construction,Industrials,Construction
SUPRIYA,28-DEC-2021,Pharmaceuticals,Healthcare,Healthcare,Pharmaceuticals & Biotechnology
SUPTANERY,17-AUG-2026,Leather And Leather Products,Consumer Durables,Consumer Discretionary,Consumer Durables
SURAJEST,26-DEC-2023,"Residential, Commercial Projects",Realty,Consumer Discretionary,Realty
SURAJLTD,29-AUG-2024,Iron & Steel Products,Capital Goods,Industrials,Industrial Products
SURAKSHA,06-DEC-2024,Healthcare Service Provider,Healthcare,Healthcare,Healthcare Services
SURANASOL,07-JAN-2011,Heavy Electrical Equipment,Capital Goods,Industrials,Electrical Equipment
SURANAT&P,22-MAY-2002,Power Generation,Power,Utilities,Power
SURYALA,20-APR-2026,Other Textile Products,Textiles,Consumer Discretionary,Textiles & Apparels
SURYALAXMI,15-JUN-2005,Other Textile Products,Textiles,Consumer Discretionary,Textiles & Apparels
SURYAROSNI,10-MAY-1995,Iron & Steel Products,Capital Goods,Industrials,Industrial Products
SURYODAY,26-MAR-2021,Other Bank,Financial Services,Financial Services,Banks
SUTLEJTEX,14-DEC-2006,Other Textile Products,Textiles,Consumer Discretionary,Textiles & Apparels
SUVEN,23-OCT-2003,"Healthcare Research, Analytics & Technology",Healthcare,Healthcare,Healthcare Services
SUVIDHAA,31-MAR-2021,Financial Technology (Fintech),Financial Services,Financial Services,Financial Technology (Fintech)
SUYOG,20-AUG-2024,Telecom - Infrastructure,Telecommunication,Telecommunication,Telecom - Services
SUZLON,19-OCT-2005,Heavy Electrical Equipment,Capital Goods,Industrials,Electrical Equipment
SVGLOBAL,17-AUG-2026,"Residential, Commercial Projects",Realty,Consumer Discretionary,Realty
SVLL,21-APR-2023,Logistics Solution Provider,Services,Services,Transport Services
SVPGLOB,14-JUL-2021,Other Textile Products,Textiles,Consumer Discretionary,Textiles & Apparels
SWANCORP,29-MAY-2012,Petrochemicals,Chemicals,Commodities,Chemicals & Petrochemicals
SWANDEF,20-JAN-2025,Ship Building & Allied Services,Capital Goods,Industrials,Industrial Manufacturing
SWARAJ,13-AUG-2026,Other Textile Products,Textiles,Consumer Discretionary,Textiles & Apparels
SWARAJENG,06-DEC-1995,"Compressors, Pumps & Diesel Engines",Capital Goods,Industrials,Industrial Products
SWARNSAR,17-AUG-2026,"Gems, Jewellery And Watches",Consumer Durables,Consumer Discretionary,Consumer Durables
SWASTIKAIN,30-SEP-2026,,,,
SWELECTES,09-MAY-2006,Heavy Electrical Equipment,Capital Goods,Industrials,Electrical Equipment
SWIGGY,13-NOV-2024,E-Retail/ E-Commerce,Consumer Services,Consumer Discretionary,Retailing
SWISSMLTRY,17-AUG-2026,Diversified consumer products,Consumer Durables,Consumer Discretionary,Consumer Durables
SWSOLAR,20-AUG-2019,Civil Construction,Construction,Industrials,Construction
SYMBIOTEC,01-SEP-2026,Pharmaceuticals,Healthcare,Healthcare,Pharmaceuticals & Biotechnology
SYMPHONY,15-JUN-2011,Household Appliances,Consumer Durables,Consumer Discretionary,Consumer Durables
SYNCOMF,18-NOV-2022,Pharmaceuticals,Healthcare,Healthcare,Pharmaceuticals & Biotechnology
SYNGENE,11-AUG-2015,"Healthcare Research, Analytics & Technology",Healthcare,Healthcare,Healthcare Services
SYRMA,26-AUG-2022,Industrial Products,Capital Goods,Industrials,Industrial Manufacturing
SYSTMTXC,06-OCT-2025,Stockbroking & Allied,Financial Services,Financial Services,Capital Markets
TAALTECH,20-APR-2026,Airline,Services,Services,Transport Services
TAINWALCHM,27-JUL-1995,Plastic Products - Industrial,Capital Goods,Industrials,Industrial Products
TAJGVK,20-DEC-2000,Hotels & Resorts,Consumer Services,Consumer Discretionary,Leisure Services
TAKE,27-AUG-2007,"Healthcare Research, Analytics & Technology",Healthcare,Healthcare,Healthcare Services
TALBROAUTO,29-SEP-2006,Auto Components & Equipments,Automobile and Auto Components,Consumer Discretionary,Auto Components
TAMBOLIIN,20-APR-2026,Holding Company,Financial Services,Financial Services,Finance
TANAA,17-AUG-2026,Aerospace & Defense,Capital Goods,Industrials,Aerospace & Defense
TANLA,05-JAN-2007,Software Products,Information Technology,Information Technology,IT - Software
TARACHAND,16-APR-2024,Diversified Commercial Services,Services,Services,Commercial Services & Supplies
TARAPUR,18-MAY-2010,Heavy Electrical Equipment,Capital Goods,Industrials,Electrical Equipment
TARC,18-DEC-2020,"Residential, Commercial Projects",Realty,Consumer Discretionary,Realty
TARIL,28-DEC-2007,Heavy Electrical Equipment,Capital Goods,Industrials,Electrical Equipment
TARMAT,09-JUL-2007,Civil Construction,Construction,Industrials,Construction
TARSONS,26-NOV-2021,Medical Equipment & Supplies,Healthcare,Healthcare,Healthcare Equipment & Supplies
TASTYBITE,23-MAR-2017,Packaged Foods,Fast Moving Consumer Goods,Fast Moving Consumer Goods,Food Products
TATACAP,13-OCT-2025,Non Banking Financial Company (NBFC),Financial Services,Financial Services,Finance
TATACHEM,01-APR-1999,Commodity Chemicals,Chemicals,Commodities,Chemicals & Petrochemicals
TATACOMM,12-APR-1995,Telecom - Cellular & Fixed line services,Telecommunication,Telecommunication,Telecom - Services
TATACONSUM,18-NOV-1998,Tea & Coffee,Fast Moving Consumer Goods,Fast Moving Consumer Goods,Agricultural Food & other Products
TATAELXSI,17-SEP-2003,Computers - Software & Consulting,Information Technology,Information Technology,IT - Software
TATAINVEST,24-JUN-1998,Investment Company,Financial Services,Financial Services,Finance
TATAPOWER,03-APR-1996,Integrated Power Utilities,Power,Utilities,Power
TATASTEEL,18-NOV-1998,Iron & Steel,Metals & Mining,Commodities,Ferrous Metals
TATATECH,30-NOV-2023,IT Enabled Services,Information Technology,Information Technology,IT - Services
TATVA,29-JUL-2021,Specialty Chemicals,Chemicals,Commodities,Chemicals & Petrochemicals
TBOTEK,15-MAY-2024,"Tour, Travel Related Services",Consumer Services,Consumer Discretionary,Leisure Services
TBZ,09-MAY-2012,"Gems, Jewellery And Watches",Consumer Durables,Consumer Discretionary,Consumer Durables
TCC,25-FEB-2026,Internet & Catalogue Retail,Consumer Services,Consumer Discretionary,Retailing
TCI,21-JAN-2002,Logistics Solution Provider,Services,Services,Transport Services
TCIEXP,15-DEC-2016,Logistics Solution Provider,Services,Services,Transport Services
TCIFINANCE,21-MAY-1997,Non Banking Financial Company (NBFC),Financial Services,Financial Services,Finance
TCPLPACK,17-OCT-2017,Packaging,Capital Goods,Industrials,Industrial Products
TCS,25-AUG-2004,Computers - Software & Consulting,Information Technology,Information Technology,IT - Software
TDPOWERSYS,08-SEP-2011,Heavy Electrical Equipment,Capital Goods,Industrials,Electrical Equipment
TEAMGTY,11-JUN-2002,Non Banking Financial Company (NBFC),Financial Services,Financial Services,Finance
TEAMLEASE,12-FEB-2016,Diversified Commercial Services,Services,Services,Commercial Services & Supplies
TECHM,28-AUG-2006,Computers - Software & Consulting,Information Technology,Information Technology,IT - Software
TECHNOCRAF,14-AUG-2026,Water Supply & Management,Utilities,Utilities,Other Utilities
TECHNOE,04-DEC-2018,Civil Construction,Construction,Industrials,Construction
TECHNVISN,20-APR-2026,Software Products,Information Technology,Information Technology,IT - Software
TECILCHEM,06-DEC-1995,Commodity Chemicals,Chemicals,Commodities,Chemicals & Petrochemicals
TEGA,13-DEC-2021,Industrial Products,Capital Goods,Industrials,Industrial Manufacturing
TEJASNET,27-JUN-2017,Telecom - Equipment & Accessories,Telecommunication,Telecommunication,Telecom - Equipment & Accessories
TEMBO,23-APR-2021,Iron & Steel Products,Capital Goods,Industrials,Industrial Products
TEMPSENS,28-AUG-2026,Industrial Products,Capital Goods,Industrials,Industrial Manufacturing
TENNIND,19-NOV-2025,Auto Components & Equipments,Automobile and Auto Components,Consumer Discretionary,Auto Components
TERAI,17-AUG-2026,Tea & Coffee,Fast Moving Consumer Goods,Fast Moving Consumer Goods,Agricultural Food & other Products
TERASOFT,29-DEC-2016,IT Enabled Services,Information Technology,Information Technology,IT - Services
TEXINFRA,09-SEP-2004,Diversified Commercial Services,Services,Services,Commercial Services & Supplies
TEXMOPIPES,10-MAR-2010,Plastic Products - Industrial,Capital Goods,Industrials,Industrial Products
TEXRAIL,03-MAR-2011,Railway Wagons,Capital Goods,Industrials,Industrial Manufacturing
TFCILTD,26-JUL-2000,Financial Institution,Financial Services,Financial Services,Finance
TFL,26-FEB-2007,Non Banking Financial Company (NBFC),Financial Services,Financial Services,Finance
TGBHOTELS,17-MAY-2007,Hotels & Resorts,Consumer Services,Consumer Discretionary,Leisure Services
TGVSL,17-AUG-2026,Commodity Chemicals,Chemicals,Commodities,Chemicals & Petrochemicals
THACKER,20-APR-2026,Other Financial Services,Financial Services,Financial Services,Finance
THAKDEV,20-APR-2026,"Residential, Commercial Projects",Realty,Consumer Discretionary,Realty
THANGAMAYL,19-FEB-2010,"Gems, Jewellery And Watches",Consumer Durables,Consumer Discretionary,Consumer Durables
THEINVEST,02-AUG-2017,Other Financial Services,Financial Services,Financial Services,Finance
THEJO,10-OCT-2023,Industrial Products,Capital Goods,Industrials,Industrial Manufacturing
THELEELA,02-JUN-2025,Hotels & Resorts,Consumer Services,Consumer Discretionary,Leisure Services
THEMISMED,02-APR-2007,Pharmaceuticals,Healthcare,Healthcare,Pharmaceuticals & Biotechnology
THERMAX,30-AUG-1995,Heavy Electrical Equipment,Capital Goods,Industrials,Electrical Equipment
THOMASCOOK,07-JUN-2000,"Tour, Travel Related Services",Consumer Services,Consumer Discretionary,Leisure Services
THOMASCOTT,30-JAN-2012,Garments & Apparels,Textiles,Consumer Discretionary,Textiles & Apparels
THYROCARE,09-MAY-2016,Healthcare Service Provider,Healthcare,Healthcare,Healthcare Services
TI,16-JUL-2010,Breweries & Distilleries,Fast Moving Consumer Goods,Fast Moving Consumer Goods,Beverages
TICL,16-OCT-2023,Civil Construction,Construction,Industrials,Construction
TIGERLOGS,18-SEP-2025,Logistics Solution Provider,Services,Services,Transport Services
TIIL,12-FEB-2007,Iron & Steel Products,Capital Goods,Industrials,Industrial Products
TIINDIA,02-NOV-2017,Auto Components & Equipments,Automobile and Auto Components,Consumer Discretionary,Auto Components
TIJARIA,14-OCT-2011,Plastic Products - Industrial,Capital Goods,Industrials,Industrial Products
TIL,27-SEP-1995,Construction Vehicles,Capital Goods,Industrials,"Agricultural, Commercial & Construction Vehicles"
TIMETECHNO,13-JUN-2007,Plastic Products - Industrial,Capital Goods,Industrials,Industrial Products
TIMEX,20-APR-2026,"Gems, Jewellery And Watches",Consumer Durables,Consumer Discretionary,Consumer Durables
TIMKEN,06-FEB-2007,Abrasives & Bearings,Capital Goods,Industrials,Industrial Products
TINNARUBR,17-APR-2025,Rubber,Capital Goods,Industrials,Industrial Products
TIPSFILMS,06-OCT-2022,"Film Production, Distribution & Exhibition","Media, Entertainment & Publication",Consumer Discretionary,Entertainment
TIPSMUSIC,10-NOV-2000,Media & Entertainment,"Media, Entertainment & Publication",Consumer Discretionary,Entertainment
TIRUMALCHM,14-MAY-2003,Commodity Chemicals,Chemicals,Commodities,Chemicals & Petrochemicals
TIRUPATIFL,04-AUG-2020,Castings & Forgings,Capital Goods,Industrials,Industrial Products
TITAGARH,21-APR-2008,Railway Wagons,Capital Goods,Industrials,Industrial Manufacturing
TITAN,24-SEP-2004,"Gems, Jewellery And Watches",Consumer Durables,Consumer Discretionary,Consumer Durables
TMB,15-SEP-2022,Private Sector Bank,Financial Services,Financial Services,Banks
TMCV,12-NOV-2025,Commercial Vehicles,Capital Goods,Industrials,"Agricultural, Commercial & Construction Vehicles"
TMPV,22-JUL-1998,Passenger Cars & Utility Vehicles,Automobile and Auto Components,Consumer Discretionary,Automobiles
TNPETRO,27-OCT-1999,Petrochemicals,Chemicals,Commodities,Chemicals & Petrochemicals
TNPL,14-FEB-1996,Paper & Paper Products,Forest Materials,Commodities,"Paper, Forest & Jute Products"
TNTELE,04-FEB-2003,Telecom - Equipment & Accessories,Telecommunication,Telecommunication,Telecom - Equipment & Accessories
TOKYOPLAST,11-OCT-1995,Plastic Products - Consumer,Consumer Durables,Consumer Discretionary,Consumer Durables
TOLINS,16-SEP-2024,Tyres & Rubber Products,Automobile and Auto Components,Consumer Discretionary,Auto Components
TORNTPHARM,25-NOV-2002,Pharmaceuticals,Healthcare,Healthcare,Pharmaceuticals & Biotechnology
TORNTPOWER,28-NOV-2006,Integrated Power Utilities,Power,Utilities,Power
TOTAL,28-AUG-2020,Logistics Solution Provider,Services,Services,Transport Services
TOUCHWOOD,21-JAN-2020,Other Consumer Services,Consumer Services,Consumer Discretionary,Other Consumer Services
TOYAMSL,17-AUG-2026,Other Financial Services,Financial Services,Financial Services,Finance
TPHQ,30-JAN-2009,Civil Construction,Construction,Industrials,Construction
TPLPLASTEH,20-MAY-2015,Packaging,Capital Goods,Industrials,Industrial Products
TRACXN,20-OCT-2022,Data Processing Services,Services,Services,Commercial Services & Supplies
TRANSCOR,17-AUG-2026,Other Financial Services,Financial Services,Financial Services,Finance
TRANSPEK,20-APR-2026,Commodity Chemicals,Chemicals,Commodities,Chemicals & Petrochemicals
TRANSRAILL,27-DEC-2024,Heavy Electrical Equipment,Capital Goods,Industrials,Electrical Equipment
TRANSWORLD,01-MAR-1995,Shipping,Services,Services,Transport Services
TRAVELFOOD,14-JUL-2025,Restaurants,Consumer Services,Consumer Discretionary,Leisure Services
TREEHOUSE,26-AUG-2011,Education,Consumer Services,Consumer Discretionary,Other Consumer Services
TREJHARA,28-DEC-2018,Computers - Software & Consulting,Information Technology,Information Technology,IT - Software
TREL,10-AUG-2023,Logistics Solution Provider,Services,Services,Transport Services
TRENT,07-JUN-2004,Speciality Retail,Consumer Services,Consumer Discretionary,Retailing
TRF,26-MAR-2010,Industrial Products,Capital Goods,Industrials,Industrial Manufacturing
TRIDENT,21-FEB-2001,Other Textile Products,Textiles,Consumer Discretionary,Textiles & Apparels
TRIGYN,09-APR-1998,Computers - Software & Consulting,Information Technology,Information Technology,IT - Software
TRITONV,17-AUG-2026,Auto Components & Equipments,Automobile and Auto Components,Consumer Discretionary,Auto Components
TRITURBINE,28-OCT-2011,Heavy Electrical Equipment,Capital Goods,Industrials,Electrical Equipment
TRIVENI,13-DEC-2005,Sugar,Fast Moving Consumer Goods,Fast Moving Consumer Goods,Agricultural Food & other Products
TRU,20-JUN-2023,Non Banking Financial Company (NBFC),Financial Services,Financial Services,Finance
TRUALT,03-OCT-2025,Other Agricultural Products,Fast Moving Consumer Goods,Fast Moving Consumer Goods,Agricultural Food & other Products
TSFINV,26-MAR-2018,Investment Company,Financial Services,Financial Services,Finance
TTKHLTCARE,02-DEC-2015,Diversified,Diversified,Diversified,Diversified
TTKPRESTIG,22-DEC-1999,Household Appliances,Consumer Durables,Consumer Discretionary,Consumer Durables
TTL,22-FEB-2007,Other Textile Products,Textiles,Consumer Discretionary,Textiles & Apparels
TTML,20-OCT-2000,Telecom - Cellular & Fixed line services,Telecommunication,Telecommunication,Telecom - Services
TURTLEMINT,29-JUN-2026,Financial Technology (Fintech),Financial Services,Financial Services,Financial Technology (Fintech)
TUTIALKA,17-AUG-2026,Commodity Chemicals,Chemicals,Commodities,Chemicals & Petrochemicals
TVSELECT,26-DEC-2003,Computers Hardware & Equipments,Information Technology,Information Technology,IT - Hardware
TVSHLTD,23-OCT-2012,Investment Company,Financial Services,Financial Services,Finance
TVSMOTOR,02-AUG-2000,2/3 Wheelers,Automobile and Auto Components,Consumer Discretionary,Automobiles
TVSSCS,23-AUG-2023,Logistics Solution Provider,Services,Services,Transport Services
TVSSRICHAK,13-FEB-2007,Tyres & Rubber Products,Automobile and Auto Components,Consumer Discretionary,Auto Components
TVTODAY,16-JAN-2004,TV Broadcasting & Software Production,"Media, Entertainment & Publication",Consumer Discretionary,Entertainment
TVVISION,15-SEP-2016,TV Broadcasting & Software Production,"Media, Entertainment & Publication",Consumer Discretionary,Entertainment
UBL,28-JUL-2008,Breweries & Distilleries,Fast Moving Consumer Goods,Fast Moving Consumer Goods,Beverages
UCAL,13-SEP-1995,Auto Components & Equipments,Automobile and Auto Components,Consumer Discretionary,Auto Components
UCOBANK,09-OCT-2003,Public Sector Bank,Financial Services,Financial Services,Banks
UDAYJEW,25-SEP-2026,"Gems, Jewellery And Watches",Consumer Durables,Consumer Discretionary,Consumer Durables
UDS,04-OCT-2023,Diversified Commercial Services,Services,Services,Commercial Services & Supplies
UEL,16-APR-2024,Power Generation,Power,Utilities,Power
UFBL,07-APR-2021,Restaurants,Consumer Services,Consumer Discretionary,Leisure Services
UFLEX,23-AUG-1995,Packaging,Capital Goods,Industrials,Industrial Products
UFO,14-MAY-2015,"Film Production, Distribution & Exhibition","Media, Entertainment & Publication",Consumer Discretionary,Entertainment
UGARSUGAR,23-AUG-2010,Sugar,Fast Moving Consumer Goods,Fast Moving Consumer Goods,Agricultural Food & other Products
UGROCAP,11-AUG-2021,Non Banking Financial Company (NBFC),Financial Services,Financial Services,Finance
UJJIVANSFB,12-DEC-2019,Other Bank,Financial Services,Financial Services,Banks
ULTRACEMCO,24-AUG-2004,Cement & Cement Products,Construction Materials,Commodities,Cement & Cement Products
ULTRAMAR,20-APR-2026,Dyes And Pigments,Chemicals,Commodities,Chemicals & Petrochemicals
UMAEXPORTS,07-APR-2022,Trading & Distributors,Services,Services,Commercial Services & Supplies
UMESLTD,12-JUL-2010,E-Learning,Consumer Services,Consumer Discretionary,Other Consumer Services
UMIYA-MRO,01-NOV-2000,Telecom - Equipment & Accessories,Telecommunication,Telecommunication,Telecom - Equipment & Accessories
UNICHEMLAB,07-FEB-2001,Pharmaceuticals,Healthcare,Healthcare,Pharmaceuticals & Biotechnology
UNIDT,25-SEP-2020,Industrial Products,Capital Goods,Industrials,Industrial Manufacturing
UNIECOM,13-AUG-2024,Software Products,Information Technology,Information Technology,IT - Software
UNIENTER,23-JAN-2004,Trading - Chemicals,Chemicals,Commodities,Chemicals & Petrochemicals
UNIINFO,12-JAN-2022,Other Telecom Services,Telecommunication,Telecommunication,Telecom - Services
UNIMECH,31-DEC-2024,Aerospace & Defense,Capital Goods,Industrials,Aerospace & Defense
UNIONBANK,24-SEP-2002,Public Sector Bank,Financial Services,Financial Services,Banks
UNIPARTS,12-DEC-2022,Auto Components & Equipments,Automobile and Auto Components,Consumer Discretionary,Auto Components
UNITDSPR,27-SEP-2001,Breweries & Distilleries,Fast Moving Consumer Goods,Fast Moving Consumer Goods,Beverages
UNITECH,08-SEP-1999,"Residential, Commercial Projects",Realty,Consumer Discretionary,Realty
UNITEDPOLY,31-DEC-2021,Other Textile Products,Textiles,Consumer Discretionary,Textiles & Apparels
UNITEDTEA,28-JAN-2015,Tea & Coffee,Fast Moving Consumer Goods,Fast Moving Consumer Goods,Agricultural Food & other Products
UNIVASTU,22-JUN-2020,Civil Construction,Construction,Industrials,Construction
UNIVCABLES,17-MAY-1995,Cables - Electricals,Capital Goods,Industrials,Industrial Products
UNIVPHOTO,14-FEB-2020,Consumer Electronics,Consumer Durables,Consumer Discretionary,Consumer Durables
UNOMINDA,02-FEB-2007,Auto Components & Equipments,Automobile and Auto Components,Consumer Discretionary,Auto Components
UPHOT,17-AUG-2026,Hotels & Resorts,Consumer Services,Consumer Discretionary,Leisure Services
UPL,23-JAN-2004,Pesticides & Agrochemicals,Chemicals,Commodities,Fertilizers & Agrochemicals
URAVIDEF,05-JUL-2023,Auto Components & Equipments,Automobile and Auto Components,Consumer Discretionary,Auto Components
URBANCO,17-SEP-2025,E-Retail/ E-Commerce,Consumer Services,Consumer Discretionary,Retailing
URJA,28-MAR-2017,Other Electrical Equipment,Capital Goods,Industrials,Electrical Equipment
USHAMART,11-OCT-2000,Iron & Steel Products,Capital Goods,Industrials,Industrial Products
USK,03-APR-2023,Civil Construction,Construction,Industrials,Construction
UTIAMC,12-OCT-2020,Asset Management Company,Financial Services,Financial Services,Capital Markets
UTKARSHBNK,21-JUL-2023,Other Bank,Financial Services,Financial Services,Banks
UTLSOLAR,20-NOV-2025,Other Electrical Equipment,Capital Goods,Industrials,Electrical Equipment
UTTAMSUGAR,10-APR-2006,Sugar,Fast Moving Consumer Goods,Fast Moving Consumer Goods,Agricultural Food & other Products
UYFINCORP,03-OCT-2024,Non Banking Financial Company (NBFC),Financial Services,Financial Services,Finance
V2RETAIL,04-JUL-2007,Speciality Retail,Consumer Services,Consumer Discretionary,Retailing
VADILALIND,15-JUN-2011,Dairy Products,Fast Moving Consumer Goods,Fast Moving Consumer Goods,Food Products
VADILENT,17-AUG-2026,Dairy Products,Fast Moving Consumer Goods,Fast Moving Consumer Goods,Food Products
VAIBHAVGBL,05-APR-2004,"Gems, Jewellery And Watches",Consumer Durables,Consumer Discretionary,Consumer Durables
VAISHALI,15-JAN-2020,Pharmaceuticals,Healthcare,Healthcare,Pharmaceuticals & Biotechnology
VAKRANGEE,03-APR-2006,IT Enabled Services,Information Technology,Information Technology,IT - Services
VALIANTLAB,06-OCT-2023,Pharmaceuticals,Healthcare,Healthcare,Pharmaceuticals & Biotechnology
VALIANTORG,23-JUL-2021,Specialty Chemicals,Chemicals,Commodities,Chemicals & Petrochemicals
VAML,15-JUN-2026,Aluminium,Metals & Mining,Commodities,Non - Ferrous Metals
VARDHACRLC,30-SEP-2003,Other Textile Products,Textiles,Consumer Discretionary,Textiles & Apparels
VARDMNPOLY,12-MAY-2003,Other Textile Products,Textiles,Consumer Discretionary,Textiles & Apparels
VARMORA,29-SEP-2026,Ceramics,Consumer Durables,Consumer Discretionary,Consumer Durables
VARROC,06-JUL-2018,Auto Components & Equipments,Automobile and Auto Components,Consumer Discretionary,Auto Components
VASCONEQ,15-FEB-2010,"Residential, Commercial Projects",Realty,Consumer Discretionary,Realty
VASUPRADA,17-AUG-2026,Tea & Coffee,Fast Moving Consumer Goods,Fast Moving Consumer Goods,Agricultural Food & other Products
VASWANI,20-SEP-2011,Sponge Iron,Metals & Mining,Commodities,Ferrous Metals
VBL,08-NOV-2016,Other Beverages,Fast Moving Consumer Goods,Fast Moving Consumer Goods,Beverages
VCL,19-APR-2022,Garments & Apparels,Textiles,Consumer Discretionary,Textiles & Apparels
VEDAVAAG,17-AUG-2026,IT Enabled Services,Information Technology,Information Technology,IT - Services
VEDL,13-MAY-1998,Diversified Metals,Metals & Mining,Commodities,Diversified Metals
VEDPOWER,15-JUN-2026,Power Generation,Power,Utilities,Power
VEEDOL,16-JAN-2007,Lubricants,"Oil, Gas & Consumable Fuels",Energy,Petroleum Products
VEEGALAND,18-SEP-2026,"Residential, Commercial Projects",Realty,Consumer Discretionary,Realty
VELJAN,20-APR-2026,Auto Components & Equipments,Automobile and Auto Components,Consumer Discretionary,Auto Components
VENKEYS,28-JUL-2003,Meat Products including Poultry,Fast Moving Consumer Goods,Fast Moving Consumer Goods,Food Products
VENTIVE,30-DEC-2024,Hotels & Resorts,Consumer Services,Consumer Discretionary,Leisure Services
VENUSPIPES,24-MAY-2022,Iron & Steel Products,Capital Goods,Industrials,Industrial Products
VENUSREM,20-DEC-2006,Pharmaceuticals,Healthcare,Healthcare,Pharmaceuticals & Biotechnology
VERANDA,11-APR-2022,E-Learning,Consumer Services,Consumer Discretionary,Other Consumer Services
VERTOZ,14-MAY-2020,Advertising & Media Agencies,"Media, Entertainment & Publication",Consumer Discretionary,Media
VESUVIUS,04-OCT-2002,Electrodes & Refractories,Capital Goods,Industrials,Industrial Products
VETO,29-APR-2015,Consumer Electronics,Consumer Durables,Consumer Discretionary,Consumer Durables
VGCL,17-AUG-2026,Non Banking Financial Company (NBFC),Financial Services,Financial Services,Finance
VGL,21-NOV-2006,Other Textile Products,Textiles,Consumer Discretionary,Textiles & Apparels
VGUARD,13-MAR-2008,Household Appliances,Consumer Durables,Consumer Discretionary,Consumer Durables
VHL,30-JUN-2005,Investment Company,Financial Services,Financial Services,Finance
VHLTD,03-APR-2024,Hotels & Resorts,Consumer Services,Consumer Discretionary,Leisure Services
VIDHIING,02-MAR-2016,Specialty Chemicals,Chemicals,Commodities,Chemicals & Petrochemicals
VIDYAWIRES,10-DEC-2025,"Aluminium, Copper & Zinc Products",Capital Goods,Industrials,Industrial Products
VIJAYA,14-SEP-2021,Healthcare Service Provider,Healthcare,Healthcare,Healthcare Services
VIJIFIN,11-JUL-2016,Non Banking Financial Company (NBFC),Financial Services,Financial Services,Finance
VIJSOLX,17-AUG-2026,Edible Oil,Fast Moving Consumer Goods,Fast Moving Consumer Goods,Agricultural Food & other Products
VIKASECO,12-DEC-2011,Specialty Chemicals,Chemicals,Commodities,Chemicals & Petrochemicals
VIKASLIFE,08-MAY-2019,Trading & Distributors,Services,Services,Commercial Services & Supplies
VIKRAMSOLR,26-AUG-2025,Other Electrical Equipment,Capital Goods,Industrials,Electrical Equipment
VIKRAN,03-SEP-2025,Civil Construction,Construction,Industrials,Construction
VIMTALABS,15-DEC-2005,"Healthcare Research, Analytics & Technology",Healthcare,Healthcare,Healthcare Services
VINATIORGA,28-JUL-2009,Specialty Chemicals,Chemicals,Commodities,Chemicals & Petrochemicals
VINCOFE,18-OCT-2024,Tea & Coffee,Fast Moving Consumer Goods,Fast Moving Consumer Goods,Agricultural Food & other Products
VINDHYATEL,08-FEB-1995,Civil Construction,Construction,Industrials,Construction
VINEETLAB,15-JUN-2021,Pharmaceuticals,Healthcare,Healthcare,Pharmaceuticals & Biotechnology
VINNY,28-NOV-2022,Garments & Apparels,Textiles,Consumer Discretionary,Textiles & Apparels
VINYLINDIA,21-JUL-2008,Trading - Chemicals,Chemicals,Commodities,Chemicals & Petrochemicals
VIPCLOTHNG,06-AUG-2007,Garments & Apparels,Textiles,Consumer Discretionary,Textiles & Apparels
VIPIND,02-MAR-2005,Plastic Products - Consumer,Consumer Durables,Consumer Discretionary,Consumer Durables
VIPULLTD,23-APR-2015,"Residential, Commercial Projects",Realty,Consumer Discretionary,Realty
VIRAT,17-AUG-2026,Garments & Apparels,Textiles,Consumer Discretionary,Textiles & Apparels
VIRINCHI,03-MAY-2023,Software Products,Information Technology,Information Technology,IT - Software
VIRTUALG,17-AUG-2026,Education,Consumer Services,Consumer Discretionary,Other Consumer Services
VISACHROME,17-MAR-2006,Ferro & Silica Manganese,Metals & Mining,Commodities,Ferrous Metals
VISAKAIND,28-AUG-1996,Cement & Cement Products,Construction Materials,Commodities,Cement & Cement Products
VISHAL,17-AUG-2026,Garments & Apparels,Textiles,Consumer Discretionary,Textiles & Apparels
VISHNU,05-MAR-2015,Specialty Chemicals,Chemicals,Commodities,Chemicals & Petrochemicals
VISHWARAJ,15-OCT-2019,Sugar,Fast Moving Consumer Goods,Fast Moving Consumer Goods,Agricultural Food & other Products
VISL,15-JUN-2026,Iron & Steel,Metals & Mining,Commodities,Ferrous Metals
VITAL,11-MAR-2026,Specialty Chemicals,Chemicals,Commodities,Chemicals & Petrochemicals
VIVIANA,02-JUN-2026,Civil Construction,Construction,Industrials,Construction
VIVIDHA,21-MAY-2013,Garments & Apparels,Textiles,Consumer Discretionary,Textiles & Apparels
VIVIMEDLAB,17-AUG-2005,Pharmaceuticals,Healthcare,Healthcare,Pharmaceuticals & Biotechnology
VIVOBIOT,17-AUG-2026,Biotechnology,Healthcare,Healthcare,Pharmaceuticals & Biotechnology
VIYASH,10-MAR-2016,Pharmaceuticals,Healthcare,Healthcare,Pharmaceuticals & Biotechnology
VLEGOV,14-AUG-2023,IT Enabled Services,Information Technology,Information Technology,IT - Services
VLSFINANCE,25-MAY-1995,Investment Company,Financial Services,Financial Services,Finance
VMART,20-FEB-2013,Diversified Retail,Consumer Services,Consumer Discretionary,Retailing
VMM,18-DEC-2024,Diversified Retail,Consumer Services,Consumer Discretionary,Retailing
VMSTMT,24-SEP-2025,Iron & Steel Products,Capital Goods,Industrials,Industrial Products
VOEPL,01-JUL-2026,Diversified consumer products,Consumer Durables,Consumer Discretionary,Consumer Durables
VOGL,15-JUN-2026,Oil Exploration & Production,"Oil, Gas & Consumable Fuels",Energy,Oil
VOITHPAPR,17-AUG-2026,Other Textile Products,Textiles,Consumer Discretionary,Textiles & Apparels
VOLTAMP,20-SEP-2006,Heavy Electrical Equipment,Capital Goods,Industrials,Electrical Equipment
VOLTAS,12-APR-1995,Household Appliances,Consumer Durables,Consumer Discretionary,Consumer Durables
VPRPL,05-SEP-2023,Civil Construction,Construction,Industrials,Construction
VRAJ,03-JUL-2024,Sponge Iron,Metals & Mining,Commodities,Ferrous Metals
VRLLOG,30-APR-2015,Logistics Solution Provider,Services,Services,Transport Services
VSSL,17-MAY-2012,Iron & Steel Products,Capital Goods,Industrials,Industrial Products
VSTIND,05-SEP-2003,Cigarettes & Tobacco Products,Fast Moving Consumer Goods,Fast Moving Consumer Goods,Cigarettes & Tobacco Products
VSTL,20-FEB-2024,Iron & Steel Products,Capital Goods,Industrials,Industrial Products
VSTTILLERS,20-JUN-2011,Tractors,Capital Goods,Industrials,"Agricultural, Commercial & Construction Vehicles"
VTL,14-JAN-2003,Other Textile Products,Textiles,Consumer Discretionary,Textiles & Apparels
VTMLTD,23-SEP-2026,Other Textile Products,Textiles,Consumer Discretionary,Textiles & Apparels
WAAREEENER,28-OCT-2024,Other Electrical Equipment,Capital Goods,Industrials,Electrical Equipment
WAAREEINDO,29-SEP-2010,Heavy Electrical Equipment,Capital Goods,Industrials,Electrical Equipment
WAAREERTL,09-APR-2025,Other Electrical Equipment,Capital Goods,Industrials,Electrical Equipment
WABAG,13-OCT-2010,Water Supply & Management,Utilities,Utilities,Other Utilities
WAKEFIT,15-DEC-2025,"Furniture, Home Furnishing",Consumer Durables,Consumer Discretionary,Consumer Durables
WALCHANNAG,18-SEP-1996,Industrial Products,Capital Goods,Industrials,Industrial Manufacturing
WANBURY,29-JAN-2007,Pharmaceuticals,Healthcare,Healthcare,Pharmaceuticals & Biotechnology
WARDINMOBI,17-AUG-2026,2/3 Wheelers,Automobile and Auto Components,Consumer Discretionary,Automobiles
WATERBASE,17-AUG-2026,Seafood,Fast Moving Consumer Goods,Fast Moving Consumer Goods,Food Products
WCIL,24-SEP-2024,Logistics Solution Provider,Services,Services,Transport Services
WEALTH,20-JAN-2021,Other Financial Services,Financial Services,Financial Services,Finance
WEBELSOLAR,15-MAY-2007,Other Electrical Equipment,Capital Goods,Industrials,Electrical Equipment
WEIZMANIND,10-MAY-1995,Other Textile Products,Textiles,Consumer Discretionary,Textiles & Apparels
WEL,17-JAN-2022,Household Appliances,Consumer Durables,Consumer Discretionary,Consumer Durables
WELCORP,24-MAY-2005,Iron & Steel Products,Capital Goods,Industrials,Industrial Products
WELENT,04-NOV-2004,Civil Construction,Construction,Industrials,Construction
WELINV,20-SEP-2010,Investment Company,Financial Services,Financial Services,Finance
WELSPLSOL,20-APR-2026,Iron & Steel Products,Capital Goods,Industrials,Industrial Products
WELSPUNLIV,04-DEC-2003,Other Textile Products,Textiles,Consumer Discretionary,Textiles & Apparels
WENDT,07-AUG-2006,Abrasives & Bearings,Capital Goods,Industrials,Industrial Products
WESTLIFE,05-JUN-2023,Restaurants,Consumer Services,Consumer Discretionary,Leisure Services
WEWIN,15-JUN-2022,Business Process Outsourcing (BPO)/ Knowledge Process Outsourcing (KPO),Services,Services,Commercial Services & Supplies
WEWORK,10-OCT-2025,Diversified Commercial Services,Services,Services,Commercial Services & Supplies
WHBRADY,17-AUG-2026,Other Industrial Products,Capital Goods,Industrials,Industrial Products
WHEELS,07-APR-2000,Auto Components & Equipments,Automobile and Auto Components,Consumer Discretionary,Auto Components
WHIRLPOOL,06-APR-2010,Household Appliances,Consumer Durables,Consumer Discretionary,Consumer Durables
WILLAMAGOR,08-FEB-1995,Investment Company,Financial Services,Financial Services,Finance
WINDLAS,16-AUG-2021,Pharmaceuticals,Healthcare,Healthcare,Pharmaceuticals & Biotechnology
WINDMACHIN,17-AUG-2011,Industrial Products,Capital Goods,Industrials,Industrial Manufacturing
WIPL,17-APR-2017,Plywood Boards/ Laminates,Consumer Durables,Consumer Discretionary,Consumer Durables
WIPRO,08-NOV-1995,Computers - Software & Consulting,Information Technology,Information Technology,IT - Software
WOCKPHARMA,23-FEB-2000,Pharmaceuticals,Healthcare,Healthcare,Pharmaceuticals & Biotechnology
WONDERLA,09-MAY-2014,Amusement Parks/ Other Recreation,Consumer Services,Consumer Discretionary,Leisure Services
WORTHPERI,04-AUG-2020,Packaging,Capital Goods,Industrials,Industrial Products
WPIL,20-APR-2026,Industrial Products,Capital Goods,Industrials,Industrial Manufacturing
WSI,01-AUG-2007,Civil Construction,Construction,Industrials,Construction
WSTCSTPAPR,17-JAN-2001,Paper & Paper Products,Forest Materials,Commodities,"Paper, Forest & Jute Products"
XCHANGING,09-MAR-2005,Computers - Software & Consulting,Information Technology,Information Technology,IT - Software
XELPMOC,04-FEB-2019,Software Products,Information Technology,Information Technology,IT - Software
XPROINDIA,27-APR-2004,Packaging,Capital Goods,Industrials,Industrial Products
XTGLOBAL,16-SEP-2024,Computers - Software & Consulting,Information Technology,Information Technology,IT - Software
XTRANET,30-JUL-2026,IT Enabled Services,Information Technology,Information Technology,IT - Services
YASHO,21-AUG-2023,Specialty Chemicals,Chemicals,Commodities,Chemicals & Petrochemicals
YATHARTH,07-AUG-2023,Hospital,Healthcare,Healthcare,Healthcare Services
YATRA,28-SEP-2023,"Tour, Travel Related Services",Consumer Services,Consumer Discretionary,Leisure Services
YESBANK,12-JUL-2005,Private Sector Bank,Financial Services,Financial Services,Banks
YOGI,17-AUG-2026,Non Banking Financial Company (NBFC),Financial Services,Financial Services,Finance
YUKEN,02-SEP-2021,"Compressors, Pumps & Diesel Engines",Capital Goods,Industrials,Industrial Products
ZAGGLE,22-SEP-2023,IT Enabled Services,Information Technology,Information Technology,IT - Services
ZEEL,09-SEP-1998,TV Broadcasting & Software Production,"Media, Entertainment & Publication",Consumer Discretionary,Entertainment
ZEELEARN,20-DEC-2010,Education,Consumer Services,Consumer Discretionary,Other Consumer Services
ZEEMEDIA,10-JAN-2007,TV Broadcasting & Software Production,"Media, Entertainment & Publication",Consumer Discretionary,Entertainment
ZENITHEXPO,10-JUL-1996,Leather And Leather Products,Consumer Durables,Consumer Discretionary,Consumer Durables
ZENITHSTL,30-APR-2007,Iron & Steel Products,Capital Goods,Industrials,Industrial Products
ZENSARTECH,09-JUL-2003,Computers - Software & Consulting,Information Technology,Information Technology,IT - Software
ZENTEC,30-MAR-2015,Aerospace & Defense,Capital Goods,Industrials,Aerospace & Defense
ZFCVINDIA,01-OCT-2008,Auto Components & Equipments,Automobile and Auto Components,Consumer Discretionary,Auto Components
ZFSTEERING,20-APR-2026,Auto Components & Equipments,Automobile and Auto Components,Consumer Discretionary,Auto Components
ZIMLAB,25-NOV-2022,Pharmaceuticals,Healthcare,Healthcare,Pharmaceuticals & Biotechnology
ZODIAC,14-DEC-2021,Civil Construction,Construction,Industrials,Construction
ZODIACLOTH,27-SEP-1995,Garments & Apparels,Textiles,Consumer Discretionary,Textiles & Apparels
ZOTA,19-AUG-2019,Pharmaceuticals,Healthcare,Healthcare,Pharmaceuticals & Biotechnology
ZSARACOM,20-APR-2026,Non Banking Financial Company (NBFC),Financial Services,Financial Services,Finance
ZUARI,27-NOV-2012,Fertilizers,Chemicals,Commodities,Fertilizers & Agrochemicals
ZUARIIND,12-APR-1995,Sugar,Fast Moving Consumer Goods,Fast Moving Consumer Goods,Agricultural Food & other Products
ZYDUSLIFE,18-APR-2000,Pharmaceuticals,Healthcare,Healthcare,Pharmaceuticals & Biotechnology
ZYDUSWELL,13-NOV-2009,Packaged Foods,Fast Moving Consumer Goods,Fast Moving Consumer Goods,Food Products
